PolicyTransactionID,PolicyID,DateKey,CustomerID,AgentID,BranchID,PolicyTypeID,PolicyStatusID,PremiumAmount,CurrencyID,PaymentMethodID
1,214,2023-06-08,234,92,38,8,1,37419.3,1,3
2,290,2023-11-03,121,40,12,9,4,39406.61,3,1
3,461,2023-12-01,394,10,41,8,2,3683.14,3,1
4,374,2023-07-11,139,88,37,5,4,30589.6,3,1
5,222,2023-02-07,49,16,34,1,4,30110.45,4,3
6,10,2023-07-08,82,34,10,2,3,16259.45,4,1
7,59,2023-03-25,15,57,30,5,4,1106.9,4,2
8,321,2023-02-16,483,7,18,2,4,34162.12,1,3
9,379,2023-06-16,123,57,25,3,4,7285.52,1,1
10,192,2023-03-22,347,32,46,2,3,46064.92,4,3
11,335,2023-08-14,240,95,14,9,4,20625.36,4,3
12,230,2023-08-08,156,42,5,4,1,2610.2,3,2
13,438,2023-05-09,391,38,38,9,3,40931.3,3,1
14,46,2023-05-02,316,65,28,1,3,1441.69,3,1
15,103,2023-12-17,306,81,14,7,1,4095.78,3,1
16,20,2023-01-22,177,89,31,2,1,3852.25,2,2
17,199,2023-10-02,188,28,15,6,4,3231.15,4,1
18,134,2023-01-17,446,45,43,2,3,45222.41,1,1
19,426,2023-04-01,404,77,6,5,1,10880.92,3,3
20,51,2023-07-20,257,63,21,3,3,48888.27,3,1
21,81,2023-10-06,361,57,8,9,3,26753.58,2,3
22,120,2023-11-15,203,46,29,1,1,41767.88,1,1
23,350,2023-09-14,202,72,24,1,3,23912.14,3,1
24,168,2023-08-12,122,38,12,4,4,15593.13,2,1
25,293,2023-07-22,300,8,21,2,4,25227.72,2,3
26,473,2023-01-31,401,8,12,6,4,17742.1,2,3
27,345,2023-08-30,301,4,34,3,4,14080.67,1,2
28,287,2023-03-03,134,97,44,4,2,26566.06,4,2
29,399,2023-10-07,164,36,11,8,1,15394.24,2,3
30,313,2023-06-20,218,11,25,2,2,7797.64,3,2
31,87,2023-04-23,249,49,36,2,2,33724.25,3,1
32,410,2023-06-22,11,29,22,1,2,1569.69,2,2
33,488,2023-08-04,314,14,3,1,1,14957.13,1,1
34,448,2023-07-26,178,5,41,9,3,32139.93,3,1
35,445,2023-04-16,104,10,11,4,4,46946.65,1,2
36,411,2023-04-14,308,83,15,6,4,46448.71,1,1
37,463,2023-04-24,341,62,34,3,2,8342.51,2,3
38,106,2023-08-11,146,72,15,4,1,47520.72,3,3
39,69,2023-09-26,482,26,13,3,1,43507.59,2,2
40,428,2023-02-04,379,40,44,3,3,28983.24,4,1
41,379,2023-09-10,112,66,47,6,4,33318.28,2,3
42,410,2023-04-19,303,78,34,8,2,27455.31,1,1
43,249,2023-04-26,460,17,8,5,1,6701.69,2,3
44,288,2023-01-05,351,66,32,3,3,13653.59,1,2
45,197,2023-09-26,222,71,5,7,3,20879.88,2,2
46,311,2023-03-14,287,94,44,1,1,44185.76,4,3
47,393,2023-03-27,58,70,48,7,2,3931.33,4,3
48,383,2023-05-03,57,80,4,1,2,45862.36,2,1
49,363,2023-08-28,60,4,44,7,2,10218.95,1,3
50,43,2023-09-22,276,70,16,5,3,4771.87,2,1
51,54,2023-07-10,80,49,39,5,4,35482.78,1,3
52,478,2023-08-30,93,73,47,4,4,6162.27,3,1
53,135,2023-12-08,150,48,23,4,1,40085.47,2,2
54,258,2023-07-16,196,49,24,7,3,6281.12,4,3
55,153,2023-11-07,302,99,29,9,1,49678.8,1,2
56,314,2023-01-06,124,63,2,3,4,48683.91,2,1
57,259,2023-07-23,324,70,2,4,1,33749.63,2,2
58,488,2023-12-19,421,35,12,2,3,40036.14,3,3
59,414,2023-06-17,155,9,24,9,3,30565.49,4,2
60,229,2023-10-25,207,19,32,5,3,14249.89,3,1
61,435,2023-08-18,231,62,47,2,2,23777.42,1,3
62,6,2023-10-10,256,74,21,4,1,33442.08,4,2
63,58,2023-10-14,314,70,17,9,1,18782.43,2,1
64,158,2023-05-27,477,17,43,4,4,39068.81,2,1
65,476,2023-09-05,203,73,31,5,1,27554.85,1,1
66,407,2023-05-19,277,47,31,1,1,12560.38,2,1
67,307,2023-08-12,484,19,37,5,2,13770.01,2,1
68,266,2023-10-26,399,33,12,7,2,27526.35,4,1
69,188,2023-06-29,131,93,32,5,2,19587.15,2,1
70,410,2023-07-05,306,48,44,7,3,37879.78,2,2
71,321,2023-01-18,234,86,33,4,3,28109.18,1,1
72,219,2023-04-15,137,83,47,6,4,27045.9,1,3
73,164,2023-12-31,298,79,34,3,2,42157.89,3,3
74,292,2023-07-16,470,60,28,1,3,40656.49,2,1
75,173,2023-11-02,331,93,48,5,3,35028.91,4,1
76,60,2023-03-30,387,30,40,2,3,23420.17,3,3
77,233,2023-04-19,189,22,42,4,4,45634.86,1,3
78,318,2023-05-21,276,14,34,5,4,8496.31,1,2
79,364,2023-08-24,226,68,34,6,4,32613.01,3,1
80,423,2023-03-20,20,60,45,4,2,4656.8,1,1
81,351,2023-06-24,240,14,11,6,4,29520.01,4,2
82,270,2023-06-07,273,3,44,3,3,13804.73,4,2
83,183,2023-01-07,247,64,45,2,1,26961.94,4,3
84,150,2023-04-05,492,72,43,5,4,24732.97,2,2
85,125,2023-01-31,163,16,41,1,2,18367.73,1,3
86,333,2023-07-02,411,70,22,3,3,19632.16,2,1
87,315,2023-05-27,253,19,13,3,1,37623.35,1,2
88,290,2023-03-15,417,3,12,1,4,14122.43,2,3
89,62,2023-08-11,364,35,21,3,1,13191.57,1,3
90,462,2023-09-18,80,60,20,5,4,34031.29,3,3
91,169,2023-01-28,60,86,37,8,3,18710.82,2,2
92,357,2023-05-10,341,44,45,1,4,5072.37,1,3
93,117,2023-01-07,466,32,25,6,2,11241.92,1,2
94,348,2023-02-01,446,72,18,2,3,25233.39,2,2
95,10,2023-03-01,295,96,20,1,3,32606.78,1,3
96,120,2023-11-18,41,62,17,6,4,10997.72,4,2
97,272,2023-05-02,253,44,4,3,2,24253.49,1,3
98,242,2023-12-16,277,53,43,7,2,33676.95,3,3
99,486,2023-06-30,317,10,47,7,2,28396.75,4,2
100,187,2023-11-02,135,75,6,4,1,9701.4,1,1
101,117,2023-01-31,176,38,1,2,1,17239.66,4,3
102,380,2023-06-12,231,29,29,5,1,8942.28,1,2
103,270,2023-06-13,183,82,1,2,4,22368.37,4,3
104,21,2023-11-09,185,41,12,8,4,38966.89,2,2
105,343,2023-05-23,81,87,40,8,4,29357.73,3,1
106,307,2023-04-29,263,16,17,1,2,18882.98,3,2
107,121,2023-04-06,197,35,26,2,1,35444.08,3,1
108,438,2023-01-21,497,3,1,6,1,5596.0,2,2
109,477,2023-10-31,161,40,6,8,2,24483.76,4,1
110,316,2023-12-10,316,34,40,4,4,14626.96,3,1
111,151,2023-08-07,278,13,17,1,4,11632.54,1,1
112,3,2023-04-25,416,99,15,7,1,26854.03,2,2
113,216,2023-03-11,111,4,38,8,4,38067.97,2,2
114,225,2023-08-11,307,19,29,1,2,26657.98,2,1
115,497,2023-10-07,60,8,1,2,1,39966.51,3,3
116,321,2023-03-12,68,68,9,4,3,37062.57,4,2
117,181,2023-01-22,167,58,9,7,2,27335.05,3,1
118,302,2023-04-05,340,96,26,1,3,19091.3,2,1
119,144,2023-11-13,450,92,20,9,1,49051.74,1,2
120,451,2023-09-25,340,77,15,7,1,34282.57,4,2
121,288,2023-06-06,369,8,36,6,3,5422.9,1,3
122,389,2023-10-20,492,92,9,9,2,20025.63,3,2
123,422,2023-02-02,239,20,28,2,2,42428.02,2,2
124,237,2023-11-25,257,28,4,5,4,40941.8,3,2
125,267,2023-12-03,218,43,37,7,3,42273.16,1,1
126,15,2023-12-30,43,61,32,2,1,16230.33,1,2
127,335,2023-04-27,142,44,11,9,1,29585.13,2,1
128,312,2023-07-05,441,53,14,7,1,29686.52,4,3
129,335,2023-08-18,162,55,18,2,4,19999.32,3,3
130,348,2023-12-28,118,84,10,7,1,27358.73,2,2
131,52,2023-04-19,420,88,23,2,1,44573.1,2,3
132,226,2023-01-29,447,13,9,7,4,20031.33,3,1
133,91,2023-01-07,130,52,34,6,1,47305.77,4,2
134,454,2023-04-21,412,56,28,2,1,43285.79,2,3
135,415,2023-06-12,384,91,4,6,3,38206.21,1,3
136,241,2023-08-08,166,86,19,3,1,24696.12,2,1
137,426,2023-02-16,419,95,5,8,4,32254.11,3,3
138,481,2023-02-18,356,12,25,4,4,35710.05,4,3
139,153,2023-04-06,114,78,21,8,2,10346.06,2,3
140,281,2023-10-14,499,2,14,6,1,3313.08,4,3
141,362,2023-04-05,14,42,46,2,3,31287.13,3,1
142,403,2023-11-11,402,27,14,8,2,12919.28,1,1
143,193,2023-02-23,248,79,17,1,4,11898.64,2,2
144,198,2023-07-13,65,91,44,9,2,34766.34,2,3
145,391,2023-12-27,349,64,19,6,4,1970.55,2,1
146,234,2023-08-15,331,50,9,6,4,38075.43,4,3
147,288,2023-05-25,388,48,6,5,2,17447.58,3,3
148,205,2023-12-06,47,72,6,5,1,41923.02,1,2
149,241,2023-03-04,337,43,8,1,1,33026.64,1,3
150,37,2023-03-02,51,71,15,7,1,17793.97,4,1
151,300,2023-03-30,41,92,5,4,1,44882.09,1,2
152,88,2023-09-25,16,83,30,8,3,27876.36,2,2
153,303,2023-09-05,419,50,43,5,4,8358.73,1,3
154,286,2023-09-25,178,25,35,3,4,39918.14,3,3
155,248,2023-07-09,313,70,27,7,2,14029.0,3,3
156,228,2023-01-15,272,18,7,7,2,49433.9,4,1
157,128,2023-06-09,216,94,37,6,1,22566.35,2,3
158,40,2023-04-17,374,1,7,1,2,41700.62,3,2
159,57,2023-07-27,386,20,38,4,3,24955.69,4,1
160,327,2023-05-16,205,67,20,7,4,36265.44,3,2
161,409,2023-03-10,497,56,29,3,2,3982.43,1,2
162,487,2023-03-13,235,42,6,5,1,11544.72,2,3
163,479,2023-06-27,460,55,34,4,2,10847.26,3,2
164,441,2023-03-13,102,2,23,9,4,38322.49,2,1
165,314,2023-11-12,55,41,46,4,4,41357.13,3,2
166,14,2023-08-28,453,63,7,1,4,47443.44,4,1
167,9,2023-12-26,199,96,4,8,1,1103.54,1,2
168,151,2023-03-08,18,81,47,3,3,27992.6,2,3
169,82,2023-12-20,371,13,37,9,3,29171.32,1,1
170,57,2023-12-24,105,77,24,7,3,37046.98,2,1
171,8,2023-06-04,364,83,37,3,4,29900.11,2,1
172,379,2023-08-25,207,54,34,5,1,13557.92,4,1
173,119,2023-03-21,261,75,18,8,2,30276.08,1,3
174,69,2023-04-29,470,45,23,1,2,18813.64,3,2
175,401,2023-10-27,336,19,39,2,3,8533.54,3,3
176,199,2023-01-27,159,15,38,6,3,7851.09,3,2
177,277,2023-11-24,102,63,31,5,1,6312.51,4,1
178,463,2023-11-18,340,35,23,4,2,6877.22,1,2
179,258,2023-08-25,207,93,15,7,4,33807.18,4,2
180,420,2023-03-15,58,32,49,9,4,48447.46,4,2
181,163,2023-07-23,296,15,49,5,1,26415.09,2,2
182,424,2023-06-04,153,74,40,2,4,3915.44,3,3
183,337,2023-01-07,35,6,29,4,3,42474.84,1,3
184,345,2023-12-16,157,88,8,1,3,45266.21,2,3
185,229,2023-11-09,412,6,42,6,4,34707.13,3,2
186,484,2023-09-19,66,2,41,1,2,15852.36,3,2
187,251,2023-10-03,238,13,30,6,3,25742.64,4,2
188,182,2023-04-12,441,67,42,7,3,17003.51,1,3
189,10,2023-12-29,99,81,36,4,3,44670.01,2,2
190,430,2023-04-16,192,7,18,8,4,40787.34,3,1
191,304,2023-09-18,55,91,48,5,1,22796.69,3,3
192,475,2023-08-13,130,22,15,2,2,2757.12,3,1
193,212,2023-10-21,229,71,15,4,4,11881.15,2,1
194,387,2023-02-05,429,85,30,1,2,41599.74,1,1
195,204,2023-09-22,454,86,2,7,4,19042.98,3,1
196,470,2023-10-23,243,35,36,5,3,27193.11,4,1
197,192,2023-03-18,461,78,36,4,1,19493.03,1,3
198,219,2023-05-05,39,85,30,2,1,16642.03,1,2
199,372,2023-09-10,95,86,27,6,3,23139.5,3,2
200,347,2023-11-14,128,17,22,9,3,5143.87,3,1
201,58,2023-03-24,190,73,17,2,2,44700.6,2,1
202,367,2023-05-05,142,24,24,9,3,26207.38,2,3
203,295,2023-02-10,389,21,13,9,1,38282.84,1,1
204,400,2023-12-03,297,43,46,9,2,11053.65,1,1
205,484,2023-01-17,482,54,27,9,4,38361.4,1,1
206,438,2023-05-10,198,67,26,6,1,21812.86,3,1
207,246,2023-05-19,194,82,44,6,3,8387.49,4,1
208,13,2023-05-18,57,73,27,3,1,27941.92,4,3
209,45,2023-11-03,267,95,19,2,3,4659.69,2,1
210,279,2023-01-16,417,39,39,8,3,10774.38,1,1
211,450,2023-03-08,358,48,34,5,3,49909.34,4,2
212,57,2023-12-04,386,89,46,6,2,10308.43,3,2
213,80,2023-09-26,182,78,1,6,2,9414.56,1,2
214,119,2023-07-17,85,93,8,3,4,12495.31,4,3
215,387,2023-08-17,47,66,22,5,3,3167.22,4,3
216,335,2023-12-02,348,60,42,4,2,1289.87,4,3
217,441,2023-08-02,54,20,26,5,2,48009.86,4,3
218,227,2023-02-14,417,57,1,1,4,25429.96,2,2
219,424,2023-05-23,396,40,42,9,4,48163.64,1,3
220,469,2023-02-19,294,65,25,1,1,33456.2,1,2
221,208,2023-08-23,452,73,11,7,1,35677.91,4,3
222,162,2023-08-06,225,80,33,2,1,20020.52,3,1
223,244,2023-11-06,344,55,46,6,2,32780.07,2,3
224,1,2023-05-28,438,7,41,1,1,39559.39,2,2
225,196,2023-11-10,177,55,21,5,3,9053.74,4,2
226,384,2023-08-05,328,71,44,9,1,43456.01,2,3
227,479,2023-08-26,282,77,24,5,4,31567.43,1,1
228,124,2023-02-11,495,50,32,1,4,5095.7,2,3
229,66,2023-12-07,112,86,18,9,2,20555.78,1,1
230,406,2023-06-18,269,53,12,7,4,39607.95,2,3
231,233,2023-08-01,380,1,47,9,3,37680.42,1,3
232,93,2023-12-25,310,1,27,8,4,12653.53,3,2
233,103,2023-05-23,61,57,32,5,1,13533.19,2,1
234,237,2023-03-17,267,93,20,7,3,9905.74,4,3
235,332,2023-11-23,301,38,43,7,3,38724.66,3,2
236,43,2023-09-12,138,90,8,6,2,1109.97,2,2
237,229,2023-09-17,434,60,15,5,2,8938.25,1,1
238,71,2023-08-23,219,5,25,7,3,45593.24,1,2
239,421,2023-11-02,6,87,44,2,4,31120.77,4,3
240,370,2023-09-13,274,52,1,9,3,3924.82,1,2
241,477,2023-03-15,423,37,44,4,1,38037.29,4,1
242,317,2023-05-05,440,9,44,1,2,4928.34,1,1
243,166,2023-08-14,471,29,12,3,3,22817.36,1,1
244,128,2023-07-12,288,45,5,8,4,2434.76,4,2
245,116,2023-03-07,167,96,24,9,3,13644.78,3,2
246,82,2023-04-13,63,19,26,4,2,1596.05,3,1
247,476,2023-10-19,239,23,23,4,1,16032.62,1,2
248,389,2023-10-13,54,94,15,1,2,15480.43,3,1
249,304,2023-10-06,315,64,36,9,3,32466.82,2,1
250,457,2023-01-30,184,83,7,3,2,30881.46,2,1
251,282,2023-06-01,237,36,41,4,4,30622.11,2,3
252,94,2023-03-25,395,30,13,3,2,4318.39,4,2
253,445,2023-05-13,137,75,13,6,2,48948.09,1,2
254,469,2023-05-23,217,81,44,6,3,17615.53,2,1
255,272,2023-02-27,58,16,17,4,2,2752.96,2,2
256,479,2023-12-25,156,78,8,1,4,8612.55,3,2
257,465,2023-04-08,93,9,35,8,2,49829.75,3,2
258,261,2023-11-29,414,1,20,8,4,1574.79,3,2
259,350,2023-06-06,404,43,10,3,4,41505.53,4,1
260,109,2023-06-06,253,41,13,1,1,3339.33,1,1
261,442,2023-05-24,180,30,34,7,4,46747.19,3,2
262,13,2023-02-20,295,94,42,2,4,34000.21,3,1
263,377,2023-11-01,289,23,33,5,4,39612.08,2,1
264,162,2023-04-15,152,9,37,7,1,3200.58,3,2
265,174,2023-05-01,85,86,27,9,3,30698.71,4,3
266,276,2023-02-25,265,46,17,9,4,45474.91,1,1
267,162,2023-09-13,181,9,43,9,3,11695.44,3,1
268,172,2023-08-11,256,61,43,7,3,4535.68,2,3
269,153,2023-09-02,379,31,33,8,3,22451.08,3,1
270,45,2023-12-23,462,64,49,2,1,10362.58,4,1
271,45,2023-11-22,64,91,23,7,4,39752.2,1,3
272,163,2023-04-04,318,77,34,8,2,34063.24,3,1
273,135,2023-08-14,70,3,10,2,3,42084.98,2,3
274,31,2023-10-12,303,26,24,4,4,9746.95,2,1
275,476,2023-07-03,477,77,35,1,1,35504.56,1,2
276,88,2023-03-31,79,70,5,5,2,32720.8,4,2
277,231,2023-12-25,433,21,3,1,1,38201.05,3,1
278,23,2023-03-29,311,37,15,6,2,1640.48,2,1
279,20,2023-09-12,220,37,35,9,3,40378.78,4,3
280,370,2023-06-18,418,37,37,2,4,2567.92,2,3
281,455,2023-04-04,268,67,22,8,1,6055.86,4,1
282,146,2023-11-21,469,10,4,5,2,17122.54,3,3
283,45,2023-09-25,24,37,18,6,4,11551.25,4,1
284,414,2023-12-27,381,47,16,7,1,19963.87,4,1
285,289,2023-11-04,4,36,48,5,3,28554.06,3,1
286,275,2023-07-23,335,2,16,6,2,9222.87,1,3
287,250,2023-07-09,38,8,33,4,3,42093.49,3,1
288,100,2023-01-28,466,78,46,4,3,32160.12,3,3
289,102,2023-09-20,49,31,25,3,3,37572.58,2,3
290,105,2023-06-06,82,62,1,4,2,48117.11,3,3
291,189,2023-06-09,181,6,36,1,4,35061.69,2,1
292,326,2023-03-12,474,68,32,6,1,18277.29,3,2
293,94,2023-06-03,43,91,19,4,2,33406.39,1,2
294,71,2023-01-20,84,15,27,9,2,38631.97,4,2
295,81,2023-10-20,403,96,34,3,2,10073.7,4,2
296,208,2023-06-26,229,27,29,2,2,2822.83,1,3
297,461,2023-03-04,221,61,25,2,4,25187.73,4,1
298,413,2023-09-06,110,22,49,4,1,34392.47,2,2
299,256,2023-07-23,64,87,19,4,2,4854.12,1,3
300,269,2023-01-09,170,87,20,4,2,8919.56,1,1
301,159,2023-06-03,245,71,2,1,3,47998.88,4,3
302,444,2023-04-03,472,22,11,7,2,43471.85,2,3
303,448,2023-08-09,166,62,37,1,4,24318.4,1,2
304,382,2023-05-23,400,19,29,4,3,44653.97,2,1
305,130,2023-11-04,58,56,41,9,3,32085.76,4,1
306,448,2023-10-02,307,10,14,6,2,6174.12,1,1
307,409,2023-11-07,22,69,34,9,4,8591.14,2,1
308,127,2023-04-23,83,8,24,2,4,29927.45,1,1
309,3,2023-01-07,372,89,16,6,4,48050.42,4,3
310,286,2023-11-23,307,27,2,7,1,36496.29,1,2
311,363,2023-06-05,374,84,47,6,1,13121.25,2,3
312,169,2023-09-09,477,13,11,3,4,28763.64,2,3
313,274,2023-10-07,115,42,10,1,4,40674.17,2,3
314,31,2023-01-20,56,79,47,1,3,44123.21,4,3
315,297,2023-11-14,493,3,2,9,1,48627.72,4,2
316,381,2023-07-09,223,36,30,2,2,24853.23,1,1
317,382,2023-02-28,2,13,30,4,2,25881.52,4,2
318,213,2023-10-07,175,72,18,5,4,14468.57,1,3
319,65,2023-11-16,50,68,34,9,4,13900.12,2,2
320,175,2023-09-03,293,55,27,6,2,16563.24,2,3
321,101,2023-11-22,135,40,36,7,3,38287.62,1,1
322,204,2023-10-27,151,46,9,2,3,14502.83,2,3
323,123,2023-08-24,166,12,6,9,1,10470.53,4,1
324,226,2023-07-07,426,42,29,5,4,25043.63,4,2
325,162,2023-06-17,388,35,30,6,1,28128.31,1,3
326,321,2023-06-23,284,79,45,5,4,44480.89,4,1
327,267,2023-11-17,178,4,9,2,2,5015.19,4,3
328,330,2023-04-16,72,51,27,3,2,7531.58,3,2
329,240,2023-04-07,200,26,46,2,3,40758.46,2,3
330,310,2023-10-21,348,3,22,5,2,17022.39,2,3
331,231,2023-06-24,62,91,16,1,1,3162.94,4,2
332,398,2023-03-12,358,34,4,5,2,23192.31,2,1
333,68,2023-04-08,19,90,24,7,4,15983.16,3,1
334,271,2023-11-11,454,64,36,8,2,22982.45,1,3
335,456,2023-09-18,10,71,10,8,2,40735.1,3,3
336,183,2023-01-13,447,99,36,5,3,22062.32,4,1
337,431,2023-12-17,106,65,8,3,4,21829.12,3,2
338,381,2023-07-19,199,91,15,1,4,4169.92,3,3
339,92,2023-06-26,55,31,11,5,4,27199.76,4,1
340,289,2023-08-05,185,21,26,4,1,34192.72,3,3
341,56,2023-04-05,349,89,20,8,4,28068.19,2,2
342,264,2023-01-31,119,5,19,4,2,35924.0,1,3
343,446,2023-06-02,32,16,26,6,1,40417.75,1,3
344,369,2023-06-10,373,70,44,2,1,16673.38,2,3
345,335,2023-09-12,174,32,32,9,2,26530.62,1,1
346,211,2023-03-25,332,4,18,8,2,20974.79,4,2
347,494,2023-01-19,321,64,5,8,1,5524.64,3,3
348,414,2023-05-12,263,1,24,2,3,20089.57,1,1
349,115,2023-09-21,34,16,22,2,3,49619.4,3,3
350,145,2023-10-02,32,11,14,5,1,46550.73,2,2
351,285,2023-06-14,251,90,29,9,1,7321.05,2,2
352,111,2023-12-15,153,14,26,5,2,43822.13,1,1
353,198,2023-06-05,234,79,18,2,3,46822.97,2,3
354,374,2023-11-05,239,62,17,4,2,31672.91,3,2
355,114,2023-02-18,275,8,49,8,1,5353.8,2,1
356,335,2023-03-15,323,41,9,3,2,5582.08,4,3
357,169,2023-12-16,412,59,41,6,1,29851.81,1,2
358,16,2023-06-12,286,14,1,8,4,30793.13,2,1
359,319,2023-11-24,297,65,32,2,1,31980.17,2,2
360,88,2023-10-04,281,98,45,2,1,49895.67,1,3
361,457,2023-01-03,274,34,7,1,3,43750.87,3,1
362,51,2023-04-02,409,56,24,7,2,19033.82,4,2
363,336,2023-09-17,301,45,22,6,1,41209.49,1,3
364,395,2023-03-30,480,62,5,3,3,25989.17,3,1
365,409,2023-02-19,183,45,34,6,1,41923.04,1,3
366,200,2023-08-05,124,41,36,7,2,44773.07,2,3
367,298,2023-04-20,39,58,37,4,1,24914.81,4,2
368,60,2023-01-16,242,95,4,3,3,14040.61,1,1
369,244,2023-09-04,243,92,23,9,4,1720.92,3,3
370,404,2023-04-17,61,70,29,8,4,32611.71,4,2
371,329,2023-08-14,389,79,31,2,4,14278.82,3,1
372,179,2023-02-03,69,64,20,8,2,25520.13,2,1
373,123,2023-05-28,474,90,10,9,2,32584.17,3,2
374,179,2023-07-12,49,8,10,5,3,41994.41,4,3
375,435,2023-02-04,355,70,4,1,4,16755.77,3,2
376,446,2023-07-07,40,41,33,7,4,40167.34,4,3
377,362,2023-12-29,102,62,34,1,2,21073.72,1,1
378,315,2023-07-22,154,2,48,9,4,21384.82,4,1
379,242,2023-09-06,56,55,33,5,2,41909.55,2,3
380,415,2023-01-07,86,1,22,5,1,10904.58,2,2
381,101,2023-10-14,302,30,19,9,3,9237.22,2,2
382,398,2023-11-17,422,67,49,2,4,45505.01,2,1
383,449,2023-08-06,396,10,41,9,4,43928.13,3,3
384,32,2023-01-09,240,5,21,3,4,24720.22,4,2
385,166,2023-11-14,210,15,28,5,1,41437.39,1,2
386,279,2023-12-07,283,24,1,1,4,13076.63,1,1
387,98,2023-08-27,35,23,10,5,3,16021.85,3,3
388,179,2023-08-19,434,81,24,4,3,15085.05,3,3
389,155,2023-01-02,330,13,27,7,3,14461.48,4,2
390,371,2023-08-09,129,73,47,1,1,36398.8,2,1
391,54,2023-12-24,319,32,49,5,4,46000.05,1,2
392,179,2023-11-05,59,3,14,8,3,35666.51,2,2
393,441,2023-02-19,256,87,40,6,1,13694.99,3,1
394,34,2023-11-02,190,44,9,9,3,17513.57,2,1
395,411,2023-08-26,30,3,39,4,2,21228.68,2,2
396,23,2023-06-05,98,48,5,5,3,25078.1,3,3
397,216,2023-05-02,233,85,47,3,1,9826.68,4,1
398,447,2023-04-11,461,14,7,5,3,41556.34,1,2
399,425,2023-10-05,283,85,45,7,3,23105.93,2,2
400,78,2023-02-03,421,2,38,7,3,35044.98,3,1
401,209,2023-05-23,217,8,28,9,4,16366.17,1,1
402,380,2023-04-06,463,95,33,4,4,28574.14,3,2
403,235,2023-05-04,112,68,38,4,4,42527.62,4,2
404,176,2023-03-11,50,18,3,6,3,7816.97,3,2
405,335,2023-01-29,62,98,5,4,4,3378.4,1,2
406,328,2023-03-04,173,40,10,7,3,12869.0,2,2
407,24,2023-06-23,23,46,19,2,2,8722.1,2,3
408,270,2023-10-19,137,15,12,9,3,11416.8,2,3
409,448,2023-08-05,132,91,30,4,2,15161.04,3,1
410,112,2023-06-22,452,44,48,7,2,3389.34,2,1
411,373,2023-04-03,454,11,13,7,2,21263.59,4,2
412,346,2023-12-10,329,84,32,3,3,46087.67,2,2
413,113,2023-06-26,362,70,10,1,4,48759.44,1,2
414,123,2023-08-01,243,56,6,5,3,10236.02,2,2
415,306,2023-03-11,409,22,3,2,3,11911.09,3,2
416,96,2023-03-20,354,50,18,3,3,17078.42,3,3
417,368,2023-01-17,492,35,32,8,2,48660.31,3,3
418,169,2023-10-30,412,71,41,7,4,9732.06,4,2
419,239,2023-02-11,316,66,40,4,1,29681.89,2,2
420,224,2023-03-15,412,51,5,2,2,27447.04,1,3
421,146,2023-08-04,370,13,42,4,1,2106.55,3,2
422,108,2023-12-30,437,59,7,3,1,36347.4,4,3
423,479,2023-03-05,457,16,23,5,3,11842.55,1,3
424,22,2023-01-15,196,24,41,8,2,10446.37,3,3
425,179,2023-07-14,164,42,11,9,3,30756.26,2,3
426,240,2023-06-30,41,31,5,8,1,26071.08,3,3
427,379,2023-04-27,24,49,5,4,3,2677.68,2,1
428,25,2023-11-08,487,55,9,6,4,40103.12,2,1
429,149,2023-05-20,409,91,20,2,1,13737.02,3,1
430,378,2023-04-05,337,50,5,9,4,46816.5,2,2
431,290,2023-08-01,364,39,43,4,4,23783.16,4,2
432,440,2023-07-05,287,92,32,1,3,2758.77,1,3
433,128,2023-11-13,334,25,17,7,3,42451.52,3,1
434,318,2023-07-24,192,31,35,9,4,40171.73,4,2
435,415,2023-02-14,368,64,1,3,1,13418.04,4,2
436,221,2023-07-30,498,45,27,8,4,42885.48,2,3
437,351,2023-04-01,220,24,48,9,4,43206.94,2,1
438,276,2023-11-25,146,8,23,1,2,6584.98,3,2
439,250,2023-12-10,167,21,14,2,3,4895.69,2,2
440,193,2023-04-28,359,49,38,7,3,21891.51,3,1
441,281,2023-09-11,496,11,24,9,3,13671.09,1,3
442,70,2023-11-24,232,33,14,3,1,38050.56,3,2
443,233,2023-07-09,147,55,7,9,3,27271.12,1,2
444,39,2023-09-27,383,60,22,1,2,46427.42,4,2
445,123,2023-06-05,208,24,24,2,2,49596.4,3,1
446,231,2023-06-22,252,69,37,7,2,4841.42,2,1
447,34,2023-01-27,453,24,7,8,1,24966.18,2,3
448,234,2023-12-19,314,6,9,7,1,43310.82,2,3
449,214,2023-08-30,461,83,14,5,2,49229.41,1,2
450,215,2023-01-31,377,65,11,4,2,31606.42,4,2
451,367,2023-11-10,46,16,38,8,4,12192.82,2,2
452,371,2023-01-06,256,21,47,7,1,10099.48,1,1
453,316,2023-11-29,302,16,8,5,2,20760.22,3,3
454,9,2023-10-29,298,9,23,7,2,11531.11,1,1
455,234,2023-08-28,277,41,34,7,3,29677.76,4,3
456,138,2023-06-10,256,54,28,1,4,39494.63,3,1
457,24,2023-05-16,13,87,2,2,2,2989.67,3,2
458,51,2023-02-05,418,74,22,8,4,41625.59,2,3
459,159,2023-03-22,456,85,23,3,3,42800.56,3,2
460,392,2023-05-16,133,62,20,5,4,32836.64,2,3
461,68,2023-03-30,158,2,43,5,4,49346.55,1,2
462,277,2023-06-10,316,31,49,2,4,35169.16,1,1
463,342,2023-07-21,154,7,45,9,2,47525.19,4,1
464,414,2023-03-03,19,31,23,9,4,45117.7,4,1
465,351,2023-09-06,447,31,38,6,1,35798.33,3,3
466,219,2023-11-21,106,89,28,4,4,4256.8,4,2
467,290,2023-10-06,470,68,35,8,4,26015.79,1,1
468,422,2023-01-26,471,55,48,8,2,38491.85,4,3
469,363,2023-05-18,409,69,32,1,1,45643.57,1,2
470,469,2023-03-17,395,82,8,4,4,1018.03,3,2
471,276,2023-02-24,213,9,29,9,2,41628.99,4,3
472,87,2023-02-21,224,79,25,8,3,23499.53,4,2
473,89,2023-03-17,40,63,35,3,2,44453.58,4,1
474,51,2023-09-23,480,7,34,3,4,35822.17,3,1
475,333,2023-07-06,455,47,23,1,3,8635.55,1,2
476,174,2023-11-19,479,57,5,5,1,8276.83,4,2
477,32,2023-12-28,75,23,17,6,2,32819.78,4,2
478,184,2023-02-27,360,22,20,1,1,2644.97,2,2
479,356,2023-02-25,485,8,4,4,1,49888.61,2,2
480,24,2023-06-29,70,84,24,8,4,22673.03,1,3
481,354,2023-07-09,418,72,10,4,3,20996.42,2,3
482,96,2023-01-23,301,52,9,6,3,41770.28,3,3
483,75,2023-04-06,125,54,19,4,2,28366.46,1,3
484,214,2023-10-13,400,61,9,8,1,12693.76,3,2
485,73,2023-03-07,283,98,26,3,1,39938.47,4,3
486,224,2023-09-19,456,79,43,6,4,44437.06,3,1
487,448,2023-09-25,342,5,40,3,3,30597.36,1,2
488,112,2023-07-08,252,39,2,9,1,22675.19,3,2
489,69,2023-08-31,365,13,14,4,2,17928.54,3,2
490,100,2023-09-06,366,35,46,1,1,2687.99,3,2
491,231,2023-02-27,226,62,42,5,3,6392.46,4,3
492,208,2023-12-22,226,9,29,4,2,27470.43,4,1
493,109,2023-06-13,174,73,44,9,1,37497.64,2,1
494,29,2023-05-25,334,73,49,3,3,20483.72,2,3
495,320,2023-06-03,435,98,19,6,1,13158.59,3,2
496,240,2023-11-28,235,39,43,2,1,22990.19,3,3
497,468,2023-01-24,178,48,1,1,4,30851.6,3,3
498,448,2023-07-24,200,43,16,1,1,33803.53,3,2
499,443,2023-04-11,484,84,4,9,2,41144.49,2,1
500,459,2023-02-21,182,24,32,1,2,45004.52,1,3
501,380,2023-08-15,345,99,37,1,1,20218.56,2,3
502,321,2023-11-14,70,10,31,1,2,26603.18,2,2
503,221,2023-05-05,466,77,44,1,4,38113.01,4,2
504,10,2023-11-08,160,89,45,3,2,41848.55,3,2
505,375,2023-03-12,160,90,14,9,4,45987.52,4,2
506,66,2023-04-27,83,16,47,8,1,46717.51,1,1
507,312,2023-03-05,478,60,46,6,3,5441.29,2,2
508,99,2023-03-01,29,5,30,2,1,24073.38,4,2
509,438,2023-07-07,456,33,5,1,2,9066.38,1,2
510,343,2023-05-21,471,4,42,2,1,45210.1,2,2
511,228,2023-08-10,181,36,26,2,4,30779.52,2,3
512,236,2023-03-19,314,29,25,5,1,46625.08,2,3
513,461,2023-05-26,149,28,2,1,1,16482.39,4,3
514,154,2023-01-26,447,3,38,5,1,45509.28,4,3
515,492,2023-09-15,436,80,22,4,2,45723.33,2,3
516,258,2023-11-02,494,98,14,6,4,39867.16,2,1
517,50,2023-12-17,100,74,47,7,2,30771.93,1,3
518,68,2023-05-22,422,32,40,5,4,5298.67,1,1
519,95,2023-05-11,399,78,22,5,3,22114.02,3,3
520,422,2023-04-11,437,30,17,5,4,31822.57,1,1
521,138,2023-02-15,151,42,7,4,1,13737.71,2,2
522,373,2023-03-14,381,40,15,9,2,7505.38,1,3
523,63,2023-03-07,66,46,8,6,2,9513.48,4,2
524,456,2023-05-19,124,13,2,9,3,28022.38,1,2
525,294,2023-06-01,16,26,36,3,4,42160.41,4,2
526,262,2023-08-14,169,32,1,8,4,35103.87,1,1
527,268,2023-03-10,487,62,9,7,3,10655.18,2,1
528,51,2023-07-10,73,95,41,7,1,16263.77,2,3
529,14,2023-08-25,188,55,3,8,4,49114.83,2,3
530,134,2023-10-11,198,17,4,9,3,40793.9,3,2
531,80,2023-07-27,227,72,2,3,2,23627.14,4,1
532,376,2023-02-03,206,39,38,4,3,5937.25,4,2
533,190,2023-07-20,152,91,7,5,4,47301.22,1,2
534,420,2023-08-11,352,40,42,6,4,46488.77,4,2
535,55,2023-02-18,325,63,8,4,2,44400.17,3,3
536,117,2023-01-19,498,81,16,4,1,40739.23,2,3
537,439,2023-05-07,458,11,4,3,1,49710.03,1,3
538,202,2023-12-13,83,67,27,1,2,48473.41,2,1
539,44,2023-05-09,260,58,33,2,3,46895.79,1,1
540,76,2023-12-16,332,60,34,7,1,3581.41,2,2
541,4,2023-12-28,192,30,13,3,3,17294.37,4,3
542,11,2023-06-20,303,44,49,1,3,7252.74,1,1
543,304,2023-08-30,137,26,27,6,3,32245.59,2,3
544,260,2023-04-25,489,70,40,3,3,36480.82,4,3
545,166,2023-12-17,492,57,7,5,2,19843.32,1,1
546,280,2023-11-27,352,42,34,7,3,47222.7,1,1
547,191,2023-05-16,462,12,28,9,2,15853.68,4,3
548,450,2023-12-01,323,4,9,4,4,43624.23,2,2
549,272,2023-04-16,337,32,39,4,2,3196.88,1,1
550,73,2023-09-28,68,87,20,1,4,10690.67,4,1
551,270,2023-09-14,120,9,12,9,3,37179.21,1,1
552,207,2023-07-05,119,12,6,6,1,3258.96,3,2
553,218,2023-09-23,443,68,14,1,3,43206.18,1,3
554,13,2023-01-29,181,15,28,1,4,9566.39,1,2
555,355,2023-08-08,382,56,9,8,3,46256.98,3,3
556,86,2023-08-06,453,47,26,5,3,16974.89,1,1
557,100,2023-05-11,380,56,4,2,4,48010.82,4,2
558,26,2023-07-31,277,25,25,4,1,33504.84,3,3
559,448,2023-12-08,13,89,25,8,3,15161.51,3,3
560,5,2023-06-05,497,22,7,2,2,16991.03,3,2
561,117,2023-05-31,221,78,4,4,3,1866.29,1,1
562,117,2023-05-24,231,4,39,6,3,45830.35,1,1
563,468,2023-06-29,20,98,47,2,2,4884.61,3,2
564,438,2023-12-19,334,13,32,3,3,6006.37,1,1
565,323,2023-11-29,184,48,40,4,1,22495.2,1,3
566,196,2023-12-14,272,34,31,1,1,34868.28,4,1
567,343,2023-06-03,345,54,49,1,2,27270.22,4,3
568,20,2023-07-18,447,89,45,3,4,4532.45,2,1
569,248,2023-05-06,174,15,36,4,2,29021.04,3,1
570,11,2023-08-13,347,35,33,1,1,22988.15,3,3
571,233,2023-01-12,150,24,36,4,1,39028.68,2,1
572,18,2023-07-26,288,96,27,1,4,1765.02,2,1
573,459,2023-11-06,170,76,12,4,3,3151.48,3,3
574,416,2023-10-01,37,55,26,5,4,44498.8,2,2
575,244,2023-10-21,155,48,42,1,3,42614.79,3,1
576,433,2023-12-26,432,59,10,8,2,37446.77,4,2
577,176,2023-01-28,313,92,34,8,1,4243.3,4,2
578,231,2023-07-29,462,53,32,5,3,44616.09,1,1
579,225,2023-07-02,248,8,49,7,2,11795.98,2,2
580,299,2023-03-01,217,82,36,7,2,2394.65,2,3
581,346,2023-05-04,177,47,6,7,1,6652.86,1,1
582,313,2023-07-21,67,89,6,7,4,42335.34,3,2
583,232,2023-12-16,321,53,13,5,3,11981.01,1,2
584,190,2023-03-04,30,74,43,3,2,1483.23,2,2
585,74,2023-12-31,433,59,38,4,2,40131.48,4,1
586,375,2023-07-18,212,81,9,2,1,1756.11,1,3
587,188,2023-03-12,481,89,46,6,4,24349.12,4,3
588,51,2023-07-21,201,50,34,4,2,19067.44,2,2
589,50,2023-05-12,217,89,42,5,1,4803.5,1,3
590,91,2023-02-14,28,19,33,9,4,28796.79,2,2
591,487,2023-06-22,273,14,18,2,2,16075.23,2,3
592,160,2023-09-06,494,88,17,3,2,11631.73,1,1
593,494,2023-03-07,347,4,9,4,4,33189.0,1,1
594,482,2023-11-13,381,50,42,3,3,1098.83,4,1
595,44,2023-11-04,386,41,43,8,4,28526.12,3,2
596,390,2023-05-07,419,52,5,6,4,45459.11,2,3
597,425,2023-07-10,312,34,1,8,4,19044.68,4,1
598,496,2023-12-20,96,4,41,3,1,22562.22,2,3
599,6,2023-05-29,90,67,45,5,4,6662.18,1,2
600,282,2023-06-14,141,29,23,7,2,9236.84,1,1
601,344,2023-12-26,11,98,27,4,3,6187.24,1,2
602,281,2023-11-27,80,63,15,1,4,22016.08,2,2
603,277,2023-03-09,230,68,30,7,2,41393.71,1,3
604,396,2023-04-20,383,5,49,3,4,31356.75,1,1
605,333,2023-06-09,274,29,12,5,2,40562.71,1,1
606,118,2023-06-13,271,49,42,8,3,17408.22,3,1
607,84,2023-08-31,175,71,12,2,4,14183.92,3,3
608,493,2023-03-08,442,52,22,2,3,24317.63,4,2
609,465,2023-05-05,485,28,46,6,1,33499.08,3,2
610,330,2023-06-01,155,51,49,5,4,7829.69,3,3
611,72,2023-05-14,388,34,10,7,1,31706.46,3,3
612,353,2023-03-09,178,99,31,9,2,38759.21,3,3
613,30,2023-06-08,304,18,27,9,4,26044.54,1,2
614,185,2023-09-02,419,86,25,1,3,12521.44,3,2
615,285,2023-11-19,56,49,4,5,4,7731.33,2,2
616,235,2023-06-26,151,96,48,3,2,38570.33,1,1
617,37,2023-12-09,206,72,12,5,2,47821.43,3,2
618,10,2023-08-02,427,91,6,7,4,24851.04,1,2
619,322,2023-06-04,380,35,47,6,2,43967.32,4,2
620,373,2023-11-11,120,4,19,2,4,13983.26,1,3
621,147,2023-04-24,238,25,32,8,4,39802.87,2,1
622,216,2023-02-12,281,15,42,2,1,25090.63,1,1
623,150,2023-10-16,302,83,31,1,1,14676.32,4,3
624,223,2023-12-25,47,11,12,3,2,12946.46,4,1
625,405,2023-06-06,80,19,39,3,2,4545.89,2,3
626,474,2023-11-28,83,69,30,4,3,47102.01,4,1
627,334,2023-07-19,367,25,26,9,2,48829.92,3,1
628,203,2023-12-22,300,29,37,1,3,24776.46,4,2
629,322,2023-03-31,445,80,36,4,2,30905.03,1,2
630,228,2023-02-18,182,96,2,9,4,36308.91,2,1
631,222,2023-12-13,19,88,49,6,4,37621.06,2,2
632,123,2023-02-13,184,33,20,7,2,14891.53,1,2
633,323,2023-10-30,306,59,22,6,3,2103.22,2,3
634,221,2023-05-20,52,31,43,4,2,1803.6,4,2
635,29,2023-01-22,39,54,8,2,3,9171.68,3,2
636,136,2023-11-28,293,87,42,4,3,16348.07,4,1
637,499,2023-12-19,242,53,14,2,2,36977.93,1,3
638,305,2023-08-03,449,54,36,5,1,19672.82,3,3
639,20,2023-05-05,320,49,36,1,4,28115.6,1,3
640,209,2023-10-11,122,71,13,6,2,12031.78,2,2
641,482,2023-05-02,220,67,18,2,4,29101.26,2,3
642,109,2023-11-03,389,85,3,3,2,33224.7,1,3
643,119,2023-12-26,97,45,16,3,3,4778.73,3,2
644,124,2023-08-04,138,2,10,1,3,29877.17,1,1
645,130,2023-04-15,65,7,41,2,2,34133.53,1,2
646,155,2023-10-02,210,25,13,4,1,38931.51,1,2
647,82,2023-10-26,341,51,28,4,3,27233.61,4,1
648,190,2023-05-03,92,78,40,5,3,29750.36,4,1
649,243,2023-11-29,268,71,40,4,4,34168.25,1,3
650,462,2023-08-10,413,77,12,5,2,46725.93,4,3
651,159,2023-09-02,271,78,6,6,4,42752.1,3,2
652,231,2023-12-10,230,70,12,2,1,7129.95,1,3
653,52,2023-02-05,333,42,5,7,4,33347.38,4,3
654,48,2023-08-01,304,22,4,1,2,4684.69,4,1
655,238,2023-08-31,322,99,13,2,1,22979.17,1,3
656,195,2023-07-22,191,86,6,9,3,38301.88,1,2
657,262,2023-01-27,247,46,9,8,2,44013.92,1,1
658,310,2023-06-27,69,55,28,4,2,47860.1,1,3
659,320,2023-02-01,7,85,25,3,1,49338.09,3,1
660,285,2023-12-14,72,43,20,6,2,8661.17,3,2
661,439,2023-05-13,150,23,26,7,1,22407.66,1,3
662,236,2023-06-01,457,64,22,1,3,13394.72,4,1
663,454,2023-01-27,312,53,40,4,3,20290.55,1,3
664,207,2023-07-17,317,60,47,4,1,43823.85,1,2
665,435,2023-03-28,450,3,38,4,4,48275.52,3,3
666,137,2023-08-19,426,53,42,6,1,25335.82,4,3
667,347,2023-05-09,460,19,14,1,4,48614.19,1,3
668,401,2023-02-20,281,42,16,4,2,31452.57,3,2
669,101,2023-04-27,244,49,46,5,3,8700.12,4,3
670,72,2023-12-01,304,43,25,3,4,10164.18,2,3
671,110,2023-11-13,307,45,24,1,4,38296.99,3,3
672,174,2023-03-20,498,53,32,4,2,46138.97,4,3
673,387,2023-05-02,207,45,29,4,2,36580.68,1,3
674,369,2023-03-20,212,38,25,8,4,10542.41,4,3
675,312,2023-10-20,87,88,9,7,3,36484.91,4,3
676,44,2023-09-06,483,60,6,2,2,16703.99,1,2
677,337,2023-09-25,42,89,35,6,1,14246.5,1,2
678,403,2023-06-04,88,13,2,4,2,32333.05,1,1
679,65,2023-01-23,47,7,37,9,4,25603.38,1,3
680,493,2023-04-14,464,30,41,5,2,4856.98,4,2
681,111,2023-05-20,228,56,35,6,3,40449.74,1,3
682,484,2023-06-29,190,6,2,8,3,46100.77,3,3
683,64,2023-02-07,200,70,3,1,2,46377.64,4,3
684,9,2023-06-23,225,49,36,3,2,8208.77,3,3
685,275,2023-10-08,20,95,20,4,2,20103.06,2,3
686,126,2023-06-28,427,25,33,1,1,32140.08,4,3
687,103,2023-07-29,41,77,17,6,3,35971.4,2,2
688,198,2023-06-11,266,94,36,9,2,43847.4,2,2
689,393,2023-08-02,244,50,2,5,2,15939.94,4,1
690,378,2023-11-09,361,36,19,5,3,12208.4,3,1
691,344,2023-11-11,499,37,36,7,2,30743.54,3,3
692,372,2023-09-27,143,73,17,8,1,44820.46,2,1
693,383,2023-10-31,257,72,19,2,3,46261.64,1,1
694,78,2023-12-05,279,54,3,7,1,17626.19,4,3
695,366,2023-02-25,187,48,2,8,4,44386.11,3,3
696,236,2023-09-04,372,82,3,8,1,30640.82,3,2
697,29,2023-09-13,345,44,25,1,4,26527.82,1,2
698,177,2023-04-22,192,22,25,1,4,38744.57,3,3
699,10,2023-06-30,413,12,37,5,4,17407.8,4,1
700,294,2023-12-08,145,62,23,8,3,1636.12,4,1
701,178,2023-10-26,437,34,46,6,4,5671.68,3,2
702,401,2023-12-07,403,35,32,5,2,26378.51,4,2
703,39,2023-12-08,375,68,10,9,3,37317.28,1,3
704,285,2023-11-26,180,53,16,2,2,47867.89,4,2
705,216,2023-11-14,56,53,14,5,1,26122.13,2,3
706,377,2023-05-19,233,21,22,1,4,11778.11,1,1
707,37,2023-02-15,69,28,19,2,1,3003.65,4,3
708,312,2023-04-02,170,7,37,9,3,49707.75,2,3
709,394,2023-09-09,100,2,5,5,2,33996.41,1,1
710,76,2023-08-11,76,27,4,7,1,46440.24,4,1
711,350,2023-02-17,397,69,7,8,3,37382.76,1,1
712,463,2023-03-25,239,39,30,2,2,32826.3,2,3
713,236,2023-04-04,51,77,41,3,2,42224.07,3,2
714,311,2023-07-23,303,50,16,3,4,28865.97,4,1
715,58,2023-08-12,16,57,21,6,3,30391.48,1,1
716,312,2023-07-03,89,70,8,2,1,9331.9,4,2
717,74,2023-09-05,308,34,4,8,2,44898.96,1,2
718,380,2023-07-11,332,32,36,9,4,49325.64,2,3
719,69,2023-07-15,318,29,10,6,4,14570.16,4,1
720,148,2023-02-22,278,22,18,7,4,27101.19,3,2
721,473,2023-04-26,22,16,40,9,2,35069.95,4,2
722,270,2023-12-11,10,57,28,7,4,17454.12,3,2
723,98,2023-05-27,231,90,33,8,1,19329.25,4,2
724,249,2023-06-09,295,18,47,6,2,28947.98,4,2
725,211,2023-08-20,77,18,16,9,4,20715.32,4,2
726,432,2023-05-21,397,39,3,3,4,5613.28,4,1
727,475,2023-10-10,353,23,40,3,4,44499.78,4,2
728,219,2023-08-03,431,66,43,8,3,36060.39,3,3
729,300,2023-06-08,115,24,48,8,3,27501.38,4,1
730,183,2023-09-19,253,79,41,4,3,21250.04,1,3
731,72,2023-07-28,390,62,23,1,2,40069.12,3,1
732,194,2023-01-30,184,43,46,3,2,26013.74,3,3
733,464,2023-03-09,78,87,14,4,3,26272.85,2,2
734,220,2023-09-13,70,44,38,7,4,49207.65,1,3
735,337,2023-02-22,144,9,35,5,3,26925.74,2,1
736,254,2023-10-24,62,11,12,5,2,46756.18,3,1
737,113,2023-03-08,130,57,49,9,3,18620.34,1,2
738,172,2023-09-01,444,79,12,1,4,7948.12,1,3
739,456,2023-07-26,190,75,39,7,1,37300.48,2,3
740,86,2023-08-13,250,50,49,7,4,25356.36,1,1
741,465,2023-02-07,499,28,10,9,3,24424.31,2,3
742,186,2023-12-30,495,76,41,5,1,39705.11,2,1
743,97,2023-12-22,440,17,20,4,2,24704.5,3,1
744,170,2023-12-18,405,55,29,5,2,28940.14,4,2
745,41,2023-07-08,29,50,22,5,1,18316.9,1,3
746,97,2023-02-19,464,25,47,8,1,2116.05,2,3
747,323,2023-10-31,89,1,37,3,3,1434.72,4,1
748,265,2023-08-12,163,84,28,9,2,17031.12,1,1
749,48,2023-07-20,328,89,2,6,1,30387.56,3,1
750,454,2023-05-17,53,75,42,8,3,40284.88,3,3
751,280,2023-08-02,329,3,2,7,4,2045.41,2,3
752,216,2023-11-07,415,74,24,6,2,23579.54,4,1
753,205,2023-06-25,411,61,42,5,4,8916.63,3,1
754,260,2023-12-30,447,97,44,4,1,20242.61,1,1
755,265,2023-03-10,307,15,15,4,2,2893.98,4,3
756,221,2023-01-20,153,65,42,8,3,28128.08,3,1
757,383,2023-10-09,223,90,41,8,3,27029.51,4,3
758,366,2023-04-14,267,34,11,7,1,4024.09,1,2
759,283,2023-04-29,41,65,9,2,3,38233.15,3,3
760,433,2023-02-07,190,8,24,9,1,23841.66,3,1
761,318,2023-03-10,119,86,43,2,3,16657.43,4,3
762,458,2023-12-22,152,10,7,7,1,5916.76,1,1
763,152,2023-06-29,277,38,4,1,4,33435.24,3,3
764,294,2023-06-13,150,19,28,1,3,46094.6,4,1
765,242,2023-01-02,471,13,5,9,3,42463.07,3,1
766,247,2023-07-12,326,40,33,4,3,37140.48,4,2
767,151,2023-06-07,30,37,3,8,3,21516.2,3,1
768,498,2023-12-17,414,23,12,6,1,3535.72,2,1
769,56,2023-11-29,474,31,23,1,4,14379.78,2,2
770,108,2023-04-18,184,65,1,9,1,33404.12,4,1
771,165,2023-12-19,44,34,40,6,3,47114.95,4,2
772,27,2023-08-26,460,57,47,7,4,3788.6,3,1
773,35,2023-12-19,309,26,34,5,1,18348.63,1,3
774,135,2023-01-30,104,99,32,8,3,43731.89,3,3
775,487,2023-09-02,71,54,47,2,4,39612.36,2,3
776,190,2023-01-06,250,75,33,5,3,34523.12,3,1
777,252,2023-06-17,224,7,43,3,1,17929.03,3,1
778,479,2023-09-20,404,27,16,5,1,49628.31,1,1
779,270,2023-09-13,322,35,18,3,1,40372.38,3,2
780,260,2023-04-25,130,76,23,5,1,22918.69,3,1
781,143,2023-06-07,116,41,30,2,3,9480.51,4,2
782,402,2023-03-12,392,35,36,3,3,12017.11,4,1
783,438,2023-12-04,149,27,30,1,1,48235.87,3,2
784,222,2023-03-22,308,25,27,6,2,39813.0,4,3
785,71,2023-11-18,20,95,14,5,3,24761.17,3,1
786,317,2023-03-07,431,6,25,4,3,35683.53,3,1
787,120,2023-07-23,405,82,25,2,2,1073.59,1,3
788,438,2023-09-05,453,99,31,2,4,11861.14,3,1
789,274,2023-12-15,438,22,37,1,1,22626.2,1,1
790,291,2023-03-29,457,49,4,8,3,29935.72,2,3
791,110,2023-03-27,13,54,37,8,1,32642.25,3,2
792,1,2023-09-03,224,69,25,6,1,13002.49,3,3
793,5,2023-11-10,246,61,8,7,2,19926.26,3,3
794,367,2023-11-09,392,32,18,7,2,8698.99,1,1
795,162,2023-04-26,421,57,31,5,3,29987.99,4,2
796,46,2023-03-06,323,51,9,9,1,8817.44,1,3
797,200,2023-11-18,168,63,33,6,1,39612.13,3,1
798,164,2023-03-11,355,3,1,4,1,42995.42,3,2
799,5,2023-01-30,21,25,3,8,3,5479.88,3,3
800,56,2023-07-05,120,94,5,6,2,48110.37,2,1
801,72,2023-05-11,234,51,41,3,1,6658.71,2,3
802,73,2023-04-22,367,21,34,5,2,19710.59,1,2
803,439,2023-07-09,71,62,16,8,1,47523.17,4,1
804,6,2023-01-01,271,67,12,7,2,49885.11,1,2
805,196,2023-01-29,357,74,33,9,1,3687.36,2,3
806,454,2023-06-19,264,62,30,4,3,3802.14,3,3
807,371,2023-04-28,278,6,37,3,4,8390.94,3,3
808,442,2023-05-31,310,37,1,2,3,49999.44,4,1
809,185,2023-06-30,56,51,13,2,2,14506.65,3,1
810,470,2023-10-17,353,99,34,9,4,2981.29,3,3
811,180,2023-08-18,169,52,25,5,2,29529.73,3,3
812,79,2023-09-18,269,39,5,4,3,38386.03,4,3
813,478,2023-10-13,234,69,48,3,2,8801.57,3,3
814,141,2023-10-16,385,42,9,5,2,19895.52,3,1
815,351,2023-07-25,60,49,21,8,3,41357.44,3,2
816,267,2023-09-16,421,27,16,5,3,46001.32,1,3
817,385,2023-12-03,23,6,11,2,3,35158.27,1,3
818,307,2023-06-18,439,88,35,9,3,24263.6,1,2
819,453,2023-07-25,329,99,3,4,3,35552.11,4,1
820,453,2023-08-12,70,85,25,9,4,40256.35,2,1
821,213,2023-09-03,2,66,8,8,3,33088.74,4,3
822,95,2023-04-20,429,74,19,1,1,28802.12,1,3
823,309,2023-07-03,428,1,32,5,2,9359.83,1,2
824,422,2023-06-01,174,32,30,9,2,15393.89,3,2
825,207,2023-05-02,13,3,23,7,4,44004.3,2,1
826,443,2023-02-07,275,22,5,4,4,30256.91,4,1
827,59,2023-10-14,46,78,46,7,1,13977.69,2,3
828,246,2023-01-11,363,63,24,8,3,19959.47,4,1
829,291,2023-07-06,149,50,49,3,3,42386.98,1,2
830,77,2023-01-08,282,72,49,4,4,15262.44,4,3
831,309,2023-08-18,214,9,47,5,4,16433.92,1,2
832,171,2023-02-19,341,70,17,4,1,7651.51,1,3
833,215,2023-06-13,379,45,29,3,2,31684.77,3,3
834,489,2023-09-10,345,24,41,6,1,38891.97,1,2
835,73,2023-07-08,35,89,16,1,1,47293.82,1,2
836,190,2023-01-15,222,18,6,9,3,45004.0,1,2
837,330,2023-04-19,467,63,4,3,4,19444.93,3,2
838,334,2023-01-22,459,43,25,6,3,17078.65,3,3
839,298,2023-04-23,82,19,40,5,4,28010.69,4,1
840,494,2023-10-10,71,22,27,1,4,22779.89,1,2
841,494,2023-10-21,318,5,22,1,4,40792.3,1,2
842,383,2023-05-31,325,70,26,1,2,19043.03,2,1
843,253,2023-06-08,105,39,44,7,4,9880.48,2,2
844,112,2023-01-06,363,19,43,6,2,15947.05,4,1
845,195,2023-06-22,230,47,48,9,1,49139.39,4,3
846,431,2023-10-19,241,57,15,5,1,40815.92,4,2
847,402,2023-10-05,398,92,24,9,4,9234.0,4,1
848,342,2023-12-08,81,14,2,9,2,20274.58,3,1
849,402,2023-08-03,393,68,11,5,4,8059.65,1,3
850,144,2023-08-19,32,88,23,6,2,43208.9,2,3
851,8,2023-05-21,291,40,33,5,3,5226.78,4,2
852,326,2023-02-24,439,75,26,1,4,21702.54,3,3
853,82,2023-09-16,119,8,43,5,3,26689.29,1,2
854,266,2023-01-19,115,25,1,5,2,13033.01,2,2
855,419,2023-01-04,378,69,25,1,4,49835.8,4,2
856,171,2023-07-22,146,86,7,3,1,39116.55,4,1
857,273,2023-10-10,71,50,4,5,2,28524.77,4,2
858,336,2023-01-21,475,76,13,6,4,10181.2,1,1
859,393,2023-01-03,7,26,5,8,3,47160.69,2,3
860,42,2023-08-09,72,85,46,8,1,4201.43,4,2
861,107,2023-06-29,105,9,18,3,4,31658.42,1,3
862,468,2023-07-03,101,53,49,8,4,14476.51,3,2
863,466,2023-09-07,335,80,1,4,4,28778.47,3,2
864,454,2023-09-12,187,46,17,1,3,26708.23,1,3
865,114,2023-12-27,420,93,4,8,3,3838.95,1,2
866,165,2023-04-21,93,45,29,7,1,23665.33,4,1
867,371,2023-04-02,269,83,26,3,2,5589.84,1,3
868,479,2023-12-08,283,55,14,7,2,26784.35,1,1
869,262,2023-06-18,64,59,11,2,2,13103.26,1,1
870,160,2023-03-25,213,67,8,2,4,45989.56,3,2
871,126,2023-04-21,159,86,42,1,2,4899.71,3,3
872,480,2023-01-15,393,75,3,2,1,35952.36,3,3
873,69,2023-09-23,212,5,42,4,4,47092.52,3,2
874,306,2023-02-19,143,96,44,4,4,16081.78,4,3
875,160,2023-02-24,288,53,8,8,2,5599.77,3,3
876,166,2023-01-22,168,34,25,6,1,8451.17,1,3
877,119,2023-01-08,107,76,11,5,3,17189.77,4,1
878,77,2023-12-09,174,66,4,8,2,16690.45,3,3
879,156,2023-05-26,477,79,43,6,3,8313.0,1,2
880,279,2023-07-24,11,23,17,7,3,15551.94,4,2
881,18,2023-10-23,427,95,49,9,3,41272.82,1,3
882,125,2023-05-12,417,21,46,9,1,26110.63,4,3
883,243,2023-08-13,42,78,24,6,4,4350.58,2,1
884,328,2023-08-26,340,8,28,5,3,12219.26,1,1
885,223,2023-03-28,254,19,42,1,4,3837.23,1,1
886,377,2023-10-23,279,93,2,7,3,41834.36,3,3
887,221,2023-09-11,136,40,42,1,4,48221.82,1,3
888,436,2023-07-27,451,18,40,4,2,2129.37,2,1
889,447,2023-05-01,495,89,32,2,4,44392.82,4,3
890,357,2023-09-13,280,79,19,4,1,44103.47,3,3
891,433,2023-11-01,178,85,13,9,4,42322.6,1,2
892,482,2023-06-18,49,30,4,3,2,16306.14,4,1
893,252,2023-11-18,120,11,34,5,4,25822.83,2,2
894,156,2023-05-18,261,63,13,6,3,34385.02,1,3
895,427,2023-06-12,464,90,20,7,2,32766.12,1,1
896,298,2023-07-27,143,18,34,9,2,2178.55,2,2
897,208,2023-12-07,19,27,3,2,2,37387.83,3,3
898,124,2023-10-30,497,37,3,6,2,39093.92,2,3
899,161,2023-07-22,42,16,40,2,3,7333.33,1,1
900,134,2023-05-01,262,40,10,2,2,9501.68,1,3
901,80,2023-11-07,218,99,19,5,2,32072.4,4,3
902,303,2023-04-14,60,90,10,6,2,35110.77,1,2
903,257,2023-02-19,59,40,46,5,3,39991.28,2,2
904,30,2023-09-10,150,73,13,2,3,31976.33,1,3
905,212,2023-02-28,239,43,5,9,2,12846.34,1,3
906,87,2023-03-19,204,21,28,8,3,20207.77,2,3
907,119,2023-12-30,142,55,35,5,2,15315.82,4,3
908,298,2023-02-23,322,78,49,2,2,25018.53,1,1
909,2,2023-11-09,376,11,6,6,3,39682.39,4,3
910,447,2023-04-02,102,81,35,4,1,25355.92,2,1
911,106,2023-01-14,32,36,13,4,1,22766.23,3,1
912,42,2023-11-20,386,19,45,1,3,26615.19,3,1
913,230,2023-02-24,74,18,8,4,3,48450.85,2,2
914,323,2023-07-25,436,36,28,6,2,11269.29,2,2
915,52,2023-01-20,191,46,8,9,3,19203.83,2,1
916,126,2023-08-23,241,96,42,6,4,9075.54,4,2
917,98,2023-01-06,151,3,2,1,4,32812.69,1,2
918,352,2023-12-05,407,18,3,8,2,43704.26,3,2
919,277,2023-10-30,158,18,8,6,3,32913.0,4,1
920,105,2023-07-01,418,21,33,1,1,40464.17,2,2
921,327,2023-11-22,23,56,11,7,3,30735.63,2,1
922,21,2023-05-23,242,90,21,2,3,29266.8,2,3
923,3,2023-02-05,267,45,21,3,2,21387.24,2,1
924,138,2023-09-13,319,23,19,2,2,18368.92,3,2
925,339,2023-12-23,434,35,9,6,4,37401.99,3,1
926,477,2023-05-01,455,98,39,6,3,1339.11,3,1
927,46,2023-03-23,229,95,11,6,1,8135.6,3,1
928,178,2023-09-12,170,36,22,4,1,13663.84,2,3
929,493,2023-03-05,393,14,36,8,2,49739.93,2,2
930,295,2023-07-18,98,13,42,4,3,34147.67,2,2
931,494,2023-06-29,161,40,1,5,1,22883.39,4,3
932,92,2023-05-19,441,85,37,4,1,36676.59,2,1
933,468,2023-09-30,214,50,34,1,4,16607.93,3,3
934,277,2023-10-23,209,88,12,7,4,13844.15,2,2
935,250,2023-09-16,211,87,36,4,2,35894.65,3,2
936,62,2023-06-06,424,75,27,6,4,44568.5,4,1
937,406,2023-04-13,487,67,20,8,1,42259.28,1,3
938,202,2023-09-06,353,20,30,8,2,7500.77,1,3
939,354,2023-06-10,230,47,30,8,1,42166.03,3,3
940,144,2023-07-17,296,78,16,8,1,29723.03,4,1
941,362,2023-10-14,127,63,48,1,2,49429.78,1,3
942,345,2023-02-23,419,5,5,8,1,41935.78,3,1
943,377,2023-11-10,197,13,14,4,2,30673.99,2,3
944,295,2023-03-03,248,17,30,9,3,8462.92,4,2
945,247,2023-10-23,477,29,24,2,4,22027.07,3,2
946,295,2023-11-15,189,75,27,7,2,36985.06,4,1
947,14,2023-11-22,241,79,37,6,2,1181.72,4,1
948,229,2023-04-26,153,27,27,8,2,9186.3,4,3
949,196,2023-06-05,341,55,28,3,3,9556.38,2,3
950,7,2023-07-05,328,21,19,2,3,2608.66,1,2
951,90,2023-05-17,319,62,22,1,1,14829.89,1,3
952,401,2023-05-12,481,95,2,7,2,25188.78,3,2
953,359,2023-07-01,192,38,33,3,3,42485.16,2,2
954,59,2023-12-11,124,42,43,7,1,29435.76,4,1
955,139,2023-08-27,222,97,9,3,4,5135.23,3,2
956,244,2023-10-07,32,9,34,2,3,26650.41,2,3
957,153,2023-05-18,236,93,33,2,3,45197.48,4,3
958,124,2023-10-29,92,92,45,2,1,30159.35,1,3
959,265,2023-12-08,10,93,22,8,4,11770.26,3,2
960,450,2023-09-24,198,46,19,8,2,12589.66,4,3
961,462,2023-09-13,441,16,47,1,2,10674.13,1,1
962,202,2023-11-25,326,18,21,4,1,1993.69,1,1
963,58,2023-10-25,144,64,35,2,2,28554.77,4,2
964,323,2023-02-17,67,78,42,9,4,20426.44,3,3
965,366,2023-11-17,14,15,19,5,1,26713.27,3,2
966,201,2023-12-10,193,13,22,8,2,16620.69,3,2
967,13,2023-07-29,148,36,47,2,1,49401.47,4,2
968,199,2023-04-11,135,29,25,3,4,1088.3,4,3
969,378,2023-06-03,425,70,5,7,3,45766.51,4,2
970,83,2023-08-07,17,54,22,4,3,31653.85,4,2
971,192,2023-02-03,496,28,4,7,4,12792.3,2,1
972,121,2023-01-16,84,28,36,5,3,43660.63,1,3
973,55,2023-11-18,100,11,26,8,3,17856.09,1,3
974,349,2023-04-30,221,25,4,5,2,24387.06,2,1
975,198,2023-05-27,232,66,19,9,1,32871.46,3,1
976,399,2023-12-20,50,24,28,6,3,44651.68,4,3
977,461,2023-06-15,269,38,18,7,2,2387.61,4,3
978,143,2023-01-28,380,54,3,3,2,17622.05,4,2
979,234,2023-12-26,312,15,4,2,1,44254.9,2,3
980,203,2023-06-07,450,64,6,7,3,28955.48,4,3
981,133,2023-04-11,315,48,11,8,2,15779.54,3,3
982,443,2023-08-15,316,50,25,5,1,12508.08,4,2
983,444,2023-12-01,377,55,26,9,4,8104.47,1,1
984,347,2023-07-06,245,96,41,3,4,5812.4,4,1
985,227,2023-07-10,170,37,25,9,4,9146.26,3,1
986,79,2023-04-18,247,22,45,7,2,35597.81,1,2
987,81,2023-10-18,391,85,17,7,3,12252.65,3,2
988,99,2023-03-06,89,72,1,7,1,30565.66,2,1
989,230,2023-11-12,26,42,10,1,1,15557.98,4,2
990,340,2023-07-06,208,64,42,8,2,28790.27,2,1
991,390,2023-04-29,195,85,40,2,4,33460.86,1,1
992,253,2023-08-22,417,84,6,3,1,24492.05,4,2
993,377,2023-07-14,53,24,12,5,3,41744.46,1,1
994,407,2023-07-19,72,84,25,4,3,13345.19,2,3
995,35,2023-07-12,322,12,47,3,2,43270.42,1,3
996,343,2023-09-25,192,70,41,3,2,4314.47,2,1
997,488,2023-01-03,174,85,23,2,4,46108.32,2,1
998,310,2023-09-30,30,74,22,7,3,29189.17,4,3
999,253,2023-08-02,96,4,23,1,3,40736.51,4,1
1000,112,2023-03-06,419,6,44,6,2,23898.6,3,1
