PaymentID,PolicyID,DateKey,CustomerID,AgentID,PaymentMethodID,PremiumAmount,CurrencyID
1,21,2023-06-15,432,23,3,22728.11,1
2,374,2023-06-25,386,38,3,9844.97,1
3,151,2023-03-08,250,11,3,42771.85,3
4,450,2023-07-11,274,41,1,34229.94,3
5,408,2023-11-10,381,13,3,46779.37,3
6,257,2023-03-25,456,29,1,25787.27,2
7,401,2023-12-04,50,66,2,21633.29,4
8,244,2023-01-20,207,3,1,38756.47,4
9,117,2023-04-07,424,23,1,1067.03,4
10,256,2023-10-02,127,13,2,16069.36,4
11,107,2023-09-17,439,86,3,43634.53,3
12,405,2023-12-10,495,37,1,25348.71,1
13,363,2023-11-25,29,31,2,12957.41,4
14,299,2023-08-17,203,85,1,21307.8,4
15,169,2023-12-14,161,24,2,19667.52,4
16,69,2023-06-02,383,15,2,32000.32,2
17,252,2023-09-28,91,15,1,28269.72,2
18,158,2023-11-02,436,28,1,19405.5,2
19,80,2023-12-20,286,80,2,30190.01,3
20,124,2023-12-07,415,57,2,28313.63,1
21,212,2023-10-02,193,56,2,33424.18,2
22,28,2023-06-20,159,45,1,22501.79,3
23,337,2023-08-21,226,29,1,19017.89,4
24,361,2023-04-16,242,34,3,42532.29,4
25,378,2023-06-28,216,77,1,39068.75,3
26,281,2023-12-21,257,46,1,32207.29,1
27,112,2023-12-03,460,31,3,41710.53,4
28,218,2023-11-01,197,70,1,15775.98,4
29,370,2023-04-15,168,67,1,49152.92,4
30,332,2023-07-22,21,5,3,11542.16,4
31,115,2023-08-09,296,42,2,28482.56,4
32,241,2023-11-28,263,24,3,24393.71,1
33,396,2023-04-27,344,14,3,5002.72,4
34,38,2023-06-20,492,98,2,18024.34,2
35,491,2023-12-03,171,93,1,20457.92,1
36,32,2023-04-03,89,95,2,22110.35,3
37,325,2023-12-21,465,87,2,24053.7,4
38,275,2023-09-27,452,44,3,43467.36,3
39,388,2023-07-26,473,79,2,26081.99,2
40,160,2023-11-27,243,74,1,32781.9,3
41,196,2023-08-16,382,45,1,42560.49,4
42,108,2023-06-03,346,67,2,17503.17,1
43,375,2023-11-07,338,46,3,4447.74,4
44,17,2023-12-20,452,48,3,29110.41,1
45,441,2023-10-14,206,19,3,13979.43,2
46,332,2023-09-19,457,4,3,39355.94,4
47,366,2023-07-30,257,33,2,8476.46,4
48,278,2023-05-12,133,82,1,33622.21,1
49,184,2023-10-15,196,15,3,14693.49,3
50,208,2023-02-03,349,25,1,25138.62,3
51,70,2023-09-04,333,6,3,32562.87,3
52,134,2023-10-03,179,75,1,13851.58,4
53,83,2023-12-16,49,33,2,11194.75,2
54,241,2023-12-30,145,29,1,23434.72,3
55,352,2023-03-02,34,12,2,1103.62,2
56,484,2023-04-16,8,37,3,20872.07,1
57,467,2023-07-08,495,48,3,14107.0,4
58,483,2023-07-26,61,2,3,45412.27,4
59,351,2023-12-27,279,32,1,14624.03,1
60,129,2023-08-13,355,67,1,30842.92,4
61,197,2023-12-12,331,28,1,33397.04,1
62,115,2023-04-28,401,56,3,41151.93,2
63,128,2023-11-06,411,11,3,41655.63,2
64,64,2023-04-03,50,19,1,32843.47,2
65,146,2023-04-26,154,13,3,37266.42,4
66,322,2023-12-19,441,88,3,14862.15,2
67,88,2023-07-21,226,10,3,5654.49,4
68,95,2023-12-29,358,75,2,3753.7,2
69,497,2023-04-02,281,99,3,17523.7,2
70,201,2023-08-02,299,38,2,21157.53,1
71,490,2023-05-28,323,61,3,20645.89,2
72,261,2023-03-26,236,91,2,26344.16,2
73,282,2023-09-22,248,91,3,49601.25,4
74,193,2023-08-12,393,68,2,1777.24,3
75,150,2023-08-15,245,63,2,12397.45,2
76,487,2023-12-29,2,59,1,25905.47,1
77,377,2023-05-24,324,36,3,15738.55,3
78,321,2023-05-12,17,12,1,25875.82,4
79,220,2023-05-17,455,4,1,20005.17,4
80,343,2023-08-19,4,45,1,22697.92,2
81,496,2023-09-26,60,38,1,8628.51,1
82,234,2023-02-20,235,70,2,29890.54,3
83,231,2023-08-21,148,49,1,23259.06,1
84,90,2023-09-10,127,90,2,37618.62,3
85,108,2023-02-14,461,90,3,48072.08,4
86,223,2023-12-25,392,55,3,41718.4,4
87,253,2023-06-12,379,33,1,27900.32,4
88,305,2023-04-14,197,59,1,34663.97,2
89,50,2023-12-03,425,45,1,36239.73,3
90,24,2023-11-09,143,77,2,8433.63,4
91,411,2023-09-27,439,54,1,47566.53,4
92,293,2023-03-13,424,85,3,32215.19,2
93,155,2023-05-04,483,17,2,9731.28,4
94,385,2023-01-16,453,69,1,26561.54,4
95,47,2023-04-21,295,9,3,25937.84,1
96,414,2023-01-04,280,85,1,41672.96,2
97,223,2023-09-23,460,77,2,31840.51,4
98,306,2023-02-27,287,41,1,31048.38,4
99,447,2023-04-18,100,44,2,4770.44,2
100,263,2023-06-24,318,62,2,48472.37,1
101,336,2023-05-21,93,82,2,30293.18,4
102,55,2023-04-04,391,47,3,45000.24,2
103,471,2023-04-02,34,38,3,35955.91,3
104,385,2023-12-14,26,40,2,17461.34,3
105,276,2023-04-26,463,63,3,30614.79,3
106,81,2023-09-19,157,69,3,43180.77,3
107,26,2023-12-06,130,97,3,27115.91,1
108,479,2023-10-23,400,85,1,16438.6,1
109,381,2023-12-13,265,75,1,14146.09,1
110,235,2023-09-10,265,97,1,36281.74,2
111,106,2023-01-20,199,40,1,47215.91,1
112,324,2023-07-11,481,52,2,19202.7,4
113,484,2023-01-28,90,78,3,16869.03,2
114,449,2023-03-16,182,83,2,49449.21,1
115,34,2023-06-26,445,27,2,29560.11,2
116,369,2023-12-27,81,14,2,44754.55,4
117,267,2023-09-05,145,74,1,43164.73,4
118,394,2023-08-20,179,39,2,43949.82,1
119,149,2023-04-23,133,34,3,35260.86,1
120,375,2023-09-25,370,20,1,3043.22,2
121,353,2023-12-23,158,84,3,17260.78,2
122,99,2023-12-31,428,20,1,30694.53,2
123,234,2023-06-18,207,55,1,34259.66,4
124,242,2023-01-04,202,9,1,16634.06,1
125,372,2023-03-29,189,56,3,23812.73,1
126,410,2023-11-10,337,46,1,25405.25,4
127,142,2023-12-23,236,14,1,16167.78,4
128,398,2023-03-16,53,96,2,15663.93,2
129,70,2023-02-02,456,19,2,9099.34,4
130,393,2023-01-05,486,60,1,37864.59,3
131,228,2023-10-05,3,48,1,30482.21,2
132,463,2023-09-13,166,1,3,17827.6,2
133,35,2023-09-30,262,98,1,18228.04,3
134,76,2023-06-23,425,37,3,13678.43,2
135,391,2023-09-05,261,1,2,49160.0,2
136,187,2023-05-01,354,49,2,31971.25,1
137,351,2023-10-12,425,27,1,41697.02,1
138,373,2023-07-18,66,47,3,2787.38,1
139,210,2023-06-20,447,21,3,14297.78,3
140,385,2023-06-20,227,35,2,47951.73,4
141,285,2023-08-02,88,64,1,17289.46,2
142,1,2023-12-26,75,60,2,6946.14,4
143,404,2023-05-07,15,38,3,39145.08,4
144,411,2023-01-11,34,54,2,14237.29,3
145,108,2023-01-15,93,93,1,34991.95,2
146,495,2023-01-07,102,80,3,37461.99,2
147,273,2023-04-03,143,88,1,11764.28,3
148,12,2023-05-30,374,77,2,8984.17,2
149,265,2023-09-11,232,96,3,17193.01,4
150,352,2023-03-03,22,55,3,49174.06,3
151,340,2023-01-22,146,12,2,9062.33,1
152,333,2023-05-18,65,67,3,46630.65,1
153,469,2023-12-30,8,91,3,42846.58,2
154,224,2023-02-08,287,43,2,34724.51,2
155,308,2023-05-20,435,50,1,40544.7,1
156,152,2023-07-25,358,62,2,48345.38,4
157,151,2023-05-19,180,59,2,16148.63,4
158,328,2023-08-05,468,90,3,34322.33,1
159,134,2023-11-30,86,60,1,1263.06,4
160,397,2023-10-08,249,99,1,4310.08,4
161,161,2023-04-16,487,77,1,49473.07,2
162,183,2023-10-16,6,76,2,10738.49,4
163,28,2023-02-22,334,50,1,37308.03,4
164,147,2023-06-08,426,99,1,1840.58,2
165,11,2023-02-27,487,14,2,46343.74,2
166,36,2023-09-21,394,36,2,7874.53,2
167,86,2023-04-25,201,62,3,42486.9,4
168,479,2023-04-23,373,57,3,29866.88,4
169,177,2023-08-12,455,29,2,31952.98,3
170,324,2023-08-15,235,90,1,35181.96,1
171,236,2023-12-07,26,51,2,20669.74,4
172,214,2023-07-25,258,22,3,2903.45,1
173,415,2023-04-09,214,51,2,35962.28,4
174,339,2023-01-11,64,40,2,49598.99,4
175,163,2023-11-20,439,64,1,12542.35,3
176,39,2023-05-12,362,76,3,30706.0,4
177,325,2023-07-27,466,59,2,15596.78,3
178,64,2023-08-07,189,91,1,13666.46,1
179,271,2023-11-29,480,42,3,3414.27,3
180,90,2023-12-20,59,14,1,30347.8,4
181,69,2023-03-22,321,44,3,31516.1,3
182,357,2023-10-01,92,26,1,27854.44,1
183,424,2023-01-01,167,61,3,32292.43,4
184,498,2023-08-10,361,60,1,49604.55,4
185,430,2023-04-19,159,89,2,11036.1,4
186,204,2023-05-05,332,99,2,36746.64,1
187,438,2023-06-25,5,35,2,21961.51,4
188,344,2023-10-12,161,97,1,16705.86,4
189,428,2023-03-15,392,49,3,43872.87,2
190,499,2023-10-29,347,81,2,35076.73,4
191,52,2023-10-07,427,2,2,44436.46,1
192,66,2023-05-01,366,99,1,36382.61,1
193,120,2023-05-02,127,93,1,20170.51,2
194,280,2023-08-12,51,82,2,31324.36,1
195,432,2023-06-13,88,86,2,27142.39,4
196,127,2023-03-29,279,45,2,27127.94,1
197,296,2023-02-26,29,71,3,23840.38,4
198,97,2023-07-09,387,90,1,26612.65,4
199,230,2023-03-17,260,39,2,42456.86,3
200,441,2023-05-23,2,2,2,42651.68,2
201,158,2023-08-29,350,26,1,6575.8,2
202,223,2023-01-13,138,85,2,16294.5,4
203,219,2023-03-01,338,36,3,48333.26,3
204,239,2023-10-19,394,86,2,17345.71,3
205,486,2023-01-17,146,86,1,31341.43,1
206,109,2023-05-11,11,2,1,20129.78,1
207,142,2023-11-03,73,44,1,33186.05,4
208,28,2023-02-24,183,72,3,6043.87,4
209,111,2023-09-21,420,57,3,9950.72,1
210,364,2023-07-16,100,69,3,3229.14,1
211,201,2023-06-03,70,84,3,1288.68,1
212,13,2023-12-31,376,4,1,22619.09,4
213,380,2023-10-06,250,4,3,37165.89,3
214,400,2023-10-22,81,87,1,43848.27,1
215,136,2023-11-29,427,4,1,3290.03,1
216,203,2023-01-24,207,37,1,10235.38,2
217,350,2023-02-15,255,13,3,17526.74,4
218,272,2023-12-29,379,3,1,4069.63,3
219,157,2023-10-24,322,30,3,28447.29,3
220,235,2023-12-26,461,84,3,31602.02,2
221,138,2023-07-14,14,98,2,37392.08,3
222,176,2023-06-20,280,5,2,35817.51,1
223,320,2023-09-27,43,54,2,2090.34,4
224,406,2023-03-03,230,10,3,28102.89,4
225,219,2023-11-08,332,19,3,10643.17,3
226,55,2023-09-13,34,17,1,15603.43,1
227,176,2023-06-15,343,80,3,13224.56,3
228,59,2023-10-12,400,4,2,49116.69,1
229,86,2023-12-21,183,7,3,24435.32,3
230,27,2023-12-30,203,47,2,20922.06,2
231,213,2023-09-20,358,63,3,20465.02,1
232,120,2023-03-06,274,84,2,30414.18,4
233,182,2023-07-29,225,3,3,9253.53,1
234,428,2023-10-04,146,58,3,2152.36,4
235,158,2023-11-20,373,9,2,45498.27,1
236,114,2023-03-10,47,37,3,36258.68,4
237,219,2023-03-16,63,12,2,24265.34,4
238,121,2023-10-15,350,20,1,14969.07,3
239,75,2023-08-14,427,9,3,18450.57,3
240,349,2023-02-26,280,28,3,3310.39,4
241,103,2023-07-06,2,35,3,24140.17,2
242,478,2023-03-01,74,39,1,31136.93,1
243,382,2023-11-14,335,7,3,34474.38,1
244,155,2023-04-05,392,64,3,1110.07,3
245,28,2023-01-07,238,73,3,3691.15,4
246,354,2023-03-06,301,63,3,12305.58,3
247,224,2023-04-03,76,27,2,48562.42,2
248,85,2023-07-05,281,81,1,46154.29,1
249,97,2023-11-04,385,64,2,31737.93,1
250,299,2023-08-24,197,49,3,5631.3,4
251,49,2023-06-15,375,15,1,26995.62,4
252,104,2023-09-11,384,25,3,10963.83,1
253,122,2023-07-19,254,77,2,2396.37,3
254,191,2023-04-27,139,70,2,45210.0,3
255,368,2023-05-07,97,51,1,43005.61,3
256,314,2023-06-13,392,10,1,28726.21,3
257,234,2023-10-12,39,17,1,45540.35,2
258,484,2023-08-19,362,75,1,32052.89,3
259,99,2023-10-03,153,55,2,44130.27,3
260,289,2023-02-05,140,72,3,7473.96,4
261,233,2023-04-23,221,15,1,21238.13,4
262,165,2023-06-23,118,12,2,20279.61,4
263,162,2023-01-18,159,78,3,46988.01,1
264,485,2023-09-02,57,35,1,16059.58,4
265,70,2023-12-25,139,69,3,6398.13,2
266,285,2023-04-30,366,36,3,41482.05,3
267,360,2023-11-19,442,20,2,13506.66,3
268,107,2023-10-05,40,72,2,33685.87,3
269,207,2023-01-06,194,24,3,31623.44,2
270,120,2023-08-12,257,9,2,9926.42,2
271,164,2023-12-14,364,66,2,19228.25,1
272,350,2023-10-04,237,45,3,11449.11,2
273,283,2023-11-18,326,28,1,9014.91,4
274,454,2023-07-15,9,58,3,12651.52,4
275,165,2023-03-16,143,63,3,9364.9,3
276,483,2023-10-08,6,47,3,5311.49,1
277,407,2023-06-03,25,44,2,36627.54,3
278,227,2023-03-01,324,5,3,31881.0,1
279,309,2023-10-19,47,58,1,19260.0,2
280,248,2023-06-27,125,78,1,15033.57,4
281,444,2023-04-29,97,15,1,10619.04,2
282,258,2023-03-27,239,87,3,4167.43,1
283,499,2023-07-31,374,78,1,36589.81,1
284,84,2023-06-22,76,22,3,34641.95,3
285,42,2023-04-11,470,3,1,16444.19,2
286,64,2023-07-14,453,12,1,46739.73,4
287,48,2023-07-07,209,13,2,3172.44,1
288,182,2023-03-09,191,70,3,29771.32,3
289,344,2023-11-15,452,32,1,30697.19,2
290,86,2023-07-13,443,37,3,49161.74,1
291,212,2023-01-26,156,11,2,46629.14,4
292,190,2023-01-05,322,61,3,31676.74,4
293,373,2023-07-11,226,17,3,11273.38,2
294,454,2023-03-15,184,22,1,33199.91,1
295,388,2023-08-11,232,55,2,27702.97,1
296,105,2023-10-29,354,99,1,26674.34,2
297,56,2023-08-07,289,87,2,24279.11,4
298,5,2023-07-14,397,80,3,10336.36,2
299,121,2023-09-23,9,97,2,14989.42,4
300,241,2023-02-10,303,1,3,4857.31,3
301,219,2023-06-19,418,95,2,8963.48,2
302,471,2023-12-05,355,57,2,35858.1,4
303,185,2023-12-11,224,84,1,8651.68,3
304,379,2023-12-03,98,49,1,46875.1,2
305,309,2023-07-12,442,37,3,47504.57,1
306,187,2023-05-17,324,4,3,33870.06,3
307,29,2023-12-07,185,84,1,40327.07,3
308,152,2023-08-28,478,49,3,17933.82,2
309,455,2023-10-16,271,38,3,16231.84,2
310,358,2023-04-29,99,86,2,7135.21,2
311,257,2023-01-13,43,20,3,33424.99,1
312,84,2023-10-11,119,74,1,15832.84,3
313,431,2023-03-22,152,44,3,43384.03,3
314,277,2023-12-26,223,49,2,15683.04,2
315,300,2023-08-05,132,49,3,46480.83,3
316,182,2023-12-22,436,25,3,1548.86,4
317,81,2023-12-17,176,54,1,23043.42,3
318,52,2023-02-05,415,59,2,32076.13,1
319,460,2023-12-10,408,12,2,2211.93,1
320,9,2023-11-21,220,82,1,2454.4,2
321,409,2023-06-21,143,53,2,13502.79,2
322,395,2023-08-31,120,37,2,38951.42,1
323,194,2023-05-08,249,66,3,12765.97,2
324,367,2023-03-20,278,7,3,47245.5,3
325,485,2023-01-16,131,10,3,44465.99,1
326,120,2023-10-20,6,75,2,24518.25,2
327,310,2023-04-02,393,34,3,28303.48,3
328,354,2023-03-09,177,88,2,39771.4,2
329,103,2023-11-26,488,47,2,19421.93,3
330,19,2023-05-16,325,52,2,15716.6,4
331,113,2023-04-09,153,26,3,47792.55,1
332,454,2023-04-23,139,55,2,44548.25,1
333,103,2023-05-11,474,10,3,30086.43,1
334,135,2023-07-07,485,13,3,17071.27,2
335,469,2023-08-27,431,86,3,35700.49,3
336,380,2023-04-13,463,24,1,43229.81,4
337,482,2023-07-09,180,27,1,36584.5,2
338,12,2023-12-24,246,18,3,1289.13,4
339,474,2023-12-02,209,76,2,33904.5,2
340,216,2023-07-01,294,80,3,8041.77,1
341,494,2023-09-01,439,69,2,19273.52,4
342,268,2023-12-01,241,38,1,7712.26,2
343,405,2023-10-12,349,65,2,38001.72,4
344,229,2023-11-14,295,81,2,3035.67,3
345,184,2023-01-08,458,33,2,13529.58,1
346,66,2023-11-14,87,61,1,38227.94,1
347,95,2023-11-26,461,53,3,39544.96,2
348,110,2023-10-15,168,95,1,9874.92,4
349,377,2023-06-11,462,24,1,12283.27,4
350,119,2023-07-02,190,32,2,32953.06,4
351,277,2023-07-08,95,9,1,19625.74,1
352,127,2023-09-11,274,81,1,24810.66,4
353,344,2023-01-04,210,11,3,41828.95,3
354,396,2023-03-29,259,90,1,37363.78,3
355,345,2023-11-04,452,70,3,7701.62,3
356,456,2023-05-16,170,35,2,39205.06,3
357,312,2023-03-04,25,47,2,24766.68,2
358,433,2023-08-03,23,68,2,41381.3,3
359,217,2023-08-21,430,23,2,12886.17,1
360,346,2023-06-12,98,40,1,36815.37,2
361,111,2023-10-12,93,23,2,3167.35,4
362,54,2023-12-27,471,55,1,28922.37,3
363,222,2023-06-14,207,71,1,34223.85,3
364,53,2023-11-19,141,19,1,5930.39,3
365,53,2023-04-04,489,7,1,8950.82,1
366,206,2023-01-15,100,9,3,30549.17,3
367,412,2023-06-03,132,81,1,11087.65,1
368,389,2023-02-13,340,88,2,48257.74,4
369,98,2023-08-18,363,65,1,4790.44,4
370,181,2023-10-31,20,40,1,16640.12,4
371,30,2023-12-01,23,53,2,37285.9,1
372,301,2023-01-24,211,2,1,11106.2,2
373,405,2023-04-19,249,73,1,18324.16,2
374,425,2023-06-30,463,40,1,6345.57,2
375,255,2023-08-31,301,16,1,26123.03,1
376,128,2023-07-10,10,39,2,21621.6,3
377,274,2023-04-14,451,76,1,33269.3,4
378,280,2023-12-26,186,6,3,4918.67,3
379,283,2023-07-28,129,73,1,34378.56,4
380,315,2023-01-16,256,25,2,19113.34,4
381,382,2023-01-01,214,61,1,42129.96,2
382,44,2023-04-14,395,7,3,20999.72,3
383,10,2023-11-11,117,71,1,8070.14,1
384,405,2023-11-12,333,83,3,23474.96,4
385,268,2023-05-12,468,47,2,43445.53,2
386,433,2023-02-22,142,77,3,45374.42,1
387,81,2023-12-13,379,36,3,15824.88,4
388,389,2023-03-07,188,42,2,19089.11,2
389,137,2023-04-09,207,69,2,30099.74,4
390,198,2023-06-04,198,71,1,15170.09,1
391,91,2023-09-21,275,63,3,7547.53,2
392,399,2023-10-06,37,60,2,47830.75,2
393,314,2023-07-30,461,28,3,23276.36,4
394,287,2023-08-05,126,11,2,29833.34,4
395,193,2023-09-27,127,18,1,34481.31,2
396,210,2023-10-09,190,94,1,42764.71,4
397,482,2023-11-16,373,83,2,16799.69,3
398,223,2023-07-16,43,17,3,15748.9,4
399,8,2023-04-28,97,75,3,47653.74,2
400,55,2023-04-10,96,38,1,4634.3,3
401,75,2023-01-08,343,71,3,32371.24,1
402,423,2023-12-11,175,10,2,12239.39,3
403,488,2023-12-06,421,77,1,26227.14,4
404,469,2023-07-02,87,25,3,34660.45,3
405,168,2023-03-24,43,19,2,28140.04,4
406,72,2023-06-20,486,93,2,5722.72,2
407,204,2023-11-20,38,18,3,31247.15,3
408,211,2023-10-09,134,81,2,37133.08,3
409,378,2023-06-21,246,52,2,21480.69,1
410,98,2023-03-02,439,52,3,20539.72,2
411,335,2023-09-03,204,8,2,30935.12,3
412,382,2023-04-17,321,18,3,21705.99,3
413,134,2023-09-19,316,80,1,33247.98,2
414,297,2023-11-22,122,14,1,20859.99,2
415,113,2023-10-09,112,92,3,9716.16,1
416,248,2023-08-24,331,28,2,10941.68,1
417,102,2023-01-13,62,62,1,8442.21,4
418,245,2023-10-03,62,18,1,14756.95,3
419,146,2023-08-11,267,55,1,24392.07,2
420,246,2023-08-05,492,20,3,1245.14,4
421,476,2023-05-15,482,10,3,10479.68,2
422,457,2023-05-29,156,66,2,14648.05,1
423,344,2023-03-11,64,71,1,13066.75,4
424,90,2023-10-12,474,99,1,14405.53,4
425,361,2023-04-26,160,62,2,21069.15,3
426,21,2023-03-20,396,41,1,11125.74,3
427,379,2023-12-05,94,70,3,37445.47,1
428,305,2023-09-03,411,91,1,8137.93,2
429,181,2023-07-27,377,19,2,40156.76,4
430,155,2023-08-05,58,88,1,22074.73,1
431,308,2023-10-17,445,33,2,2237.29,4
432,310,2023-03-30,163,8,1,1690.47,3
433,452,2023-09-03,314,92,2,28156.26,3
434,206,2023-11-17,470,35,2,27942.22,3
435,177,2023-12-17,33,37,3,19954.19,3
436,121,2023-04-01,210,35,2,5930.51,1
437,64,2023-09-26,97,15,1,27888.86,2
438,247,2023-01-26,462,11,1,2475.79,3
439,242,2023-03-02,273,48,1,4228.51,2
440,259,2023-10-21,492,79,3,41097.74,2
441,464,2023-03-25,424,97,1,42840.17,4
442,455,2023-11-17,444,87,3,2625.46,3
443,357,2023-11-12,494,17,1,8470.45,2
444,252,2023-09-05,145,17,1,11846.9,2
445,288,2023-11-03,485,3,3,46124.14,1
446,262,2023-12-28,211,79,1,1648.51,1
447,383,2023-12-31,349,84,1,5927.61,1
448,104,2023-07-24,460,64,3,3322.24,4
449,70,2023-12-28,417,18,3,12080.04,1
450,3,2023-03-05,87,24,1,12099.23,3
451,136,2023-12-09,153,24,1,36999.92,4
452,30,2023-03-11,398,85,1,6139.36,3
453,331,2023-12-15,454,94,3,29037.72,1
454,33,2023-03-09,431,6,1,16606.1,2
455,135,2023-09-14,23,25,3,34477.93,4
456,364,2023-09-30,471,65,1,15825.78,4
457,173,2023-09-03,14,33,1,27834.8,3
458,290,2023-08-16,381,56,2,44113.37,4
459,168,2023-05-11,244,23,2,49873.72,1
460,168,2023-11-01,334,78,1,38454.8,4
461,386,2023-06-20,363,99,2,42362.71,3
462,436,2023-09-16,181,61,3,29709.0,3
463,10,2023-11-21,301,52,3,1061.31,3
464,283,2023-08-12,215,25,2,36623.2,2
465,422,2023-03-11,434,46,2,23068.79,2
466,488,2023-12-04,357,41,3,21451.17,4
467,149,2023-05-23,7,72,2,37574.47,1
468,328,2023-12-30,258,45,2,3431.4,4
469,207,2023-11-07,292,49,2,12418.13,1
470,360,2023-07-10,71,62,2,20336.12,3
471,68,2023-10-05,446,60,2,44048.39,3
472,297,2023-10-22,28,91,1,49797.2,1
473,80,2023-08-12,5,42,2,13461.97,1
474,183,2023-12-09,265,48,1,32886.66,2
475,189,2023-07-19,318,3,1,35682.47,3
476,481,2023-03-23,29,77,2,43233.1,2
477,239,2023-04-26,334,7,2,37141.29,3
478,54,2023-02-28,20,77,3,12313.88,1
479,66,2023-08-02,452,71,3,2651.61,4
480,47,2023-12-28,85,68,1,2761.44,4
481,132,2023-08-18,14,42,2,41456.76,2
482,245,2023-07-20,493,39,1,22721.75,1
483,192,2023-09-13,313,38,3,48857.82,4
484,102,2023-06-13,328,95,1,21118.55,1
485,169,2023-04-12,141,1,3,40092.51,2
486,410,2023-08-13,300,25,1,39603.03,3
487,54,2023-07-14,484,46,1,3974.3,2
488,417,2023-03-08,491,21,3,6676.85,1
489,357,2023-04-28,456,95,2,46268.5,4
490,122,2023-11-04,9,81,2,20123.26,1
491,157,2023-04-13,338,28,2,4563.15,4
492,380,2023-12-11,474,20,1,47140.61,1
493,76,2023-02-15,439,4,3,36843.27,3
494,417,2023-04-13,410,12,1,22036.33,2
495,25,2023-01-31,240,58,1,42064.81,2
496,255,2023-05-15,11,80,1,18006.31,4
497,471,2023-03-24,148,97,1,40735.24,4
498,8,2023-09-10,124,44,3,33184.47,2
499,285,2023-11-08,456,20,3,36134.4,4
500,294,2023-02-28,118,68,2,41585.32,2
501,370,2023-04-24,414,46,3,32677.64,2
502,9,2023-12-19,446,39,2,48851.1,1
503,348,2023-01-22,258,42,3,11486.06,3
504,330,2023-11-08,34,53,2,17495.35,3
505,302,2023-09-22,287,22,2,3887.85,2
506,450,2023-08-23,271,14,3,25554.35,2
507,12,2023-10-17,295,94,1,49621.41,4
508,166,2023-02-08,238,71,1,10468.65,2
509,328,2023-08-28,266,10,2,13701.05,1
510,127,2023-07-18,338,90,1,39859.01,4
511,321,2023-09-29,119,29,1,31616.54,2
512,454,2023-02-24,270,12,1,35985.72,3
513,54,2023-12-04,416,70,2,47707.44,3
514,249,2023-05-11,122,4,1,43234.76,3
515,299,2023-10-31,161,79,2,28305.26,3
516,250,2023-01-11,410,79,2,46788.86,4
517,155,2023-09-03,192,89,2,36632.26,3
518,227,2023-07-05,331,47,1,37176.25,3
519,147,2023-08-19,363,51,2,5727.27,2
520,333,2023-04-23,355,19,2,22950.45,1
521,80,2023-04-18,311,44,3,25050.3,3
522,390,2023-12-28,440,92,3,37759.53,1
523,423,2023-04-06,238,34,2,8589.88,2
524,166,2023-09-08,252,40,1,29494.06,2
525,14,2023-03-02,417,60,3,10886.5,2
526,189,2023-01-11,263,4,3,9776.4,2
527,318,2023-07-19,424,79,2,5087.32,4
528,257,2023-06-21,273,11,3,49088.59,3
529,148,2023-02-11,234,43,1,46351.75,3
530,488,2023-03-09,398,28,2,10037.69,1
531,19,2023-05-19,441,90,3,9638.03,3
532,45,2023-12-12,413,19,1,28315.91,3
533,339,2023-06-18,127,23,1,26691.3,1
534,61,2023-09-18,193,38,2,30048.77,4
535,75,2023-01-28,70,69,3,35959.02,1
536,301,2023-09-12,7,45,2,4743.02,1
537,239,2023-09-02,310,55,2,11495.15,3
538,283,2023-12-24,12,5,1,47720.46,2
539,256,2023-05-19,25,33,1,49397.09,4
540,224,2023-09-30,315,45,1,17333.57,4
541,487,2023-02-23,158,4,3,37955.93,2
542,325,2023-09-25,4,83,3,41256.46,3
543,42,2023-04-08,138,36,2,45486.01,1
544,359,2023-12-01,217,75,2,12035.37,1
545,348,2023-06-07,294,33,2,17052.38,2
546,335,2023-05-06,180,90,1,43160.04,4
547,488,2023-12-24,196,46,3,37343.29,3
548,439,2023-05-09,285,31,1,10175.46,3
549,171,2023-11-10,290,63,1,41991.69,4
550,341,2023-04-26,148,60,2,35964.69,1
551,189,2023-11-28,183,20,1,20602.65,4
552,265,2023-08-20,129,23,2,36423.25,3
553,199,2023-03-08,119,50,3,1397.19,1
554,293,2023-01-22,330,71,3,39313.76,3
555,442,2023-12-05,396,26,1,9636.68,2
556,301,2023-11-08,294,6,1,16576.13,1
557,385,2023-11-19,284,82,1,30190.06,2
558,37,2023-06-09,113,68,2,45020.0,4
559,204,2023-12-28,21,55,1,29644.01,3
560,153,2023-08-19,240,28,2,16229.03,4
561,430,2023-11-10,1,81,3,17852.41,3
562,2,2023-02-10,125,53,1,21502.93,2
563,139,2023-04-26,266,73,2,10418.78,3
564,358,2023-01-08,442,53,3,46258.0,1
565,137,2023-05-15,86,65,1,7725.38,3
566,402,2023-06-13,431,28,2,45876.69,2
567,66,2023-07-12,122,84,1,5855.33,4
568,483,2023-05-08,125,7,1,39398.85,2
569,231,2023-12-13,289,89,3,45704.85,4
570,244,2023-02-21,355,58,3,7763.59,3
571,388,2023-10-03,243,67,3,34925.0,3
572,498,2023-08-14,206,51,1,20864.7,3
573,460,2023-09-14,332,42,2,28726.3,1
574,453,2023-02-13,215,87,3,37908.74,1
575,129,2023-07-17,456,18,2,42080.19,4
576,409,2023-10-19,493,97,1,26772.61,3
577,410,2023-04-14,457,75,3,45185.76,1
578,17,2023-07-30,303,68,1,14622.06,2
579,412,2023-06-24,207,59,1,20968.23,2
580,61,2023-09-07,1,14,3,15436.42,2
581,285,2023-06-01,364,16,2,23690.83,3
582,473,2023-12-15,369,98,1,46376.64,3
583,315,2023-09-09,332,5,2,2015.41,2
584,350,2023-08-24,329,48,1,21847.96,3
585,232,2023-04-01,74,78,2,33727.28,4
586,239,2023-12-22,174,7,2,27867.57,4
587,167,2023-02-15,281,34,3,31614.21,1
588,311,2023-05-03,45,2,3,37003.69,3
589,250,2023-08-17,276,27,1,17046.7,3
590,356,2023-07-12,404,55,2,22462.67,2
591,75,2023-06-29,437,69,3,12157.51,2
592,208,2023-03-24,216,30,1,4260.0,2
593,380,2023-12-08,361,60,1,33065.23,2
594,103,2023-07-28,103,22,2,6926.83,2
595,410,2023-12-04,441,66,2,49268.87,4
596,308,2023-11-10,285,22,1,11524.67,3
597,472,2023-07-14,438,11,2,36421.24,3
598,152,2023-12-01,466,55,3,26665.8,4
599,227,2023-02-08,37,89,1,33199.9,3
600,349,2023-08-16,412,99,1,43903.32,1
601,408,2023-08-16,313,50,3,39348.8,4
602,201,2023-10-08,129,2,2,3704.63,3
603,252,2023-05-04,484,77,2,11233.04,4
604,358,2023-07-08,309,95,2,4539.23,1
605,110,2023-11-07,211,90,1,2086.34,2
606,152,2023-10-24,235,4,1,42806.12,2
607,5,2023-09-29,231,83,3,45944.64,3
608,452,2023-09-25,371,25,3,30605.69,1
609,22,2023-05-02,191,94,2,45503.77,2
610,411,2023-08-08,19,73,3,29415.84,1
611,155,2023-02-09,238,99,2,4743.11,1
612,210,2023-07-31,116,60,2,46486.2,1
613,192,2023-09-07,240,58,3,17740.49,4
614,263,2023-01-25,414,30,3,13570.1,2
615,427,2023-08-29,68,40,2,4654.32,2
616,327,2023-11-16,454,82,3,42903.68,2
617,364,2023-04-15,159,33,1,20909.9,1
618,393,2023-05-01,373,46,3,29856.36,2
619,465,2023-01-31,164,78,2,31207.33,1
620,168,2023-10-03,130,9,2,39586.04,2
621,153,2023-01-30,296,17,2,9603.11,2
622,121,2023-04-19,130,95,2,10870.04,3
623,494,2023-08-30,32,13,2,39585.81,2
624,489,2023-01-18,194,4,1,32954.96,1
625,397,2023-07-30,255,40,2,43056.02,4
626,20,2023-08-18,246,15,1,15287.94,4
627,365,2023-04-04,417,9,3,37604.87,2
628,94,2023-11-17,206,87,1,41019.15,4
629,392,2023-11-24,381,15,2,14820.95,1
630,97,2023-03-25,30,78,1,30358.64,3
631,326,2023-10-10,260,65,3,18843.55,2
632,424,2023-08-10,489,85,2,11889.56,4
633,271,2023-03-12,171,21,1,25707.24,3
634,180,2023-09-29,471,18,1,12567.23,1
635,164,2023-01-24,413,11,3,46548.9,1
636,276,2023-06-13,135,79,2,26156.17,1
637,247,2023-03-14,426,77,3,32845.33,1
638,34,2023-05-14,87,19,1,23614.86,4
639,460,2023-02-01,402,83,1,26038.31,3
640,300,2023-10-19,166,14,2,45835.97,2
641,94,2023-12-25,227,87,3,49474.87,1
642,197,2023-07-10,436,32,1,44128.91,1
643,1,2023-03-09,84,55,1,27902.7,2
644,441,2023-03-21,181,69,2,8534.33,1
645,211,2023-11-20,346,26,1,16085.53,1
646,138,2023-01-21,51,46,2,10869.29,1
647,307,2023-02-14,385,39,2,27721.12,3
648,210,2023-07-11,217,61,3,6574.63,3
649,248,2023-04-07,301,47,2,12256.51,2
650,323,2023-07-22,339,24,3,38674.9,3
651,107,2023-05-05,140,90,3,5989.25,2
652,11,2023-02-10,151,27,2,26980.6,1
653,237,2023-04-02,31,71,1,45961.79,2
654,328,2023-02-19,492,93,1,9165.88,3
655,266,2023-06-08,244,92,2,22817.19,4
656,395,2023-12-20,146,24,2,20194.04,4
657,498,2023-05-30,488,92,2,11170.82,4
658,52,2023-10-31,222,1,1,40593.78,4
659,38,2023-10-06,456,75,2,2086.49,3
660,227,2023-05-05,488,91,3,2442.2,3
661,228,2023-08-03,236,68,2,13957.86,4
662,321,2023-03-20,207,50,3,5072.98,2
663,14,2023-05-23,330,3,1,26799.93,3
664,325,2023-12-03,309,9,2,2516.7,1
665,300,2023-03-30,301,65,3,39082.13,4
666,219,2023-09-17,86,10,1,9115.04,4
667,9,2023-11-16,373,17,2,39330.28,2
668,248,2023-02-12,25,33,1,40894.83,4
669,326,2023-03-27,379,84,3,8593.37,3
670,298,2023-02-24,110,48,3,20563.51,1
671,4,2023-05-09,341,78,3,24842.6,3
672,242,2023-01-29,9,98,2,39291.34,3
673,443,2023-12-07,125,4,3,30365.72,1
674,104,2023-02-26,219,9,1,6026.51,3
675,404,2023-10-30,391,85,2,26523.36,4
676,234,2023-02-08,275,68,3,38500.15,2
677,428,2023-11-20,398,8,2,37585.46,2
678,411,2023-05-31,227,5,1,35435.09,1
679,497,2023-04-07,396,29,1,41616.89,2
680,178,2023-01-23,466,17,2,48394.39,3
681,46,2023-07-03,339,85,3,14223.04,4
682,71,2023-03-27,76,78,2,9573.61,1
683,450,2023-06-16,194,45,3,19176.59,3
684,50,2023-05-12,282,82,1,38866.44,2
685,283,2023-09-06,313,51,1,10830.77,3
686,93,2023-03-08,187,77,1,27263.94,3
687,80,2023-11-23,19,12,3,26667.32,3
688,20,2023-09-28,30,47,1,16426.82,4
689,384,2023-03-04,55,6,2,40123.12,3
690,340,2023-03-21,383,90,1,43832.17,4
691,275,2023-05-19,169,28,3,20071.24,3
692,444,2023-06-28,131,50,2,8798.79,2
693,368,2023-09-08,210,4,3,29038.36,3
694,148,2023-01-31,307,82,3,38867.12,3
695,135,2023-09-24,457,78,2,34492.07,1
696,239,2023-02-14,497,15,3,5824.62,3
697,452,2023-06-15,301,95,1,25511.34,1
698,438,2023-05-13,450,35,2,44701.64,3
699,39,2023-08-13,37,97,2,16384.81,3
700,278,2023-02-25,115,97,2,18739.29,1
701,356,2023-03-31,154,44,1,17895.67,2
702,21,2023-03-28,118,99,2,30208.23,2
703,128,2023-01-01,193,88,2,45247.66,2
704,50,2023-04-10,8,71,1,5599.8,4
705,173,2023-08-27,211,48,1,42304.71,4
706,266,2023-05-15,289,51,3,37094.19,4
707,161,2023-11-05,369,82,2,29658.03,4
708,368,2023-10-14,190,16,1,21454.52,2
709,72,2023-08-30,263,78,1,27611.37,4
710,312,2023-09-14,91,43,3,47121.88,3
711,312,2023-07-15,59,51,1,41020.15,1
712,400,2023-12-18,376,20,1,6535.59,4
713,281,2023-12-31,395,43,2,45442.54,3
714,99,2023-10-19,120,29,2,40473.75,1
715,155,2023-11-30,48,71,1,49301.06,3
716,190,2023-11-03,52,33,2,13285.13,3
717,363,2023-07-27,475,27,3,23322.89,3
718,458,2023-11-21,211,43,3,39087.61,3
719,295,2023-07-23,337,61,1,34224.96,4
720,385,2023-06-05,430,81,2,23499.94,3
721,400,2023-07-10,17,98,1,48497.86,1
722,463,2023-11-25,444,92,1,22679.7,4
723,206,2023-08-10,456,37,2,12395.24,3
724,264,2023-11-17,355,52,3,47990.98,2
725,404,2023-02-28,499,27,2,38685.04,4
726,379,2023-10-27,350,53,3,16571.43,2
727,88,2023-09-01,215,46,3,1078.83,2
728,11,2023-12-29,265,48,1,15001.11,3
729,84,2023-11-25,96,1,1,23046.39,1
730,8,2023-03-01,89,85,1,15687.08,3
731,95,2023-10-12,22,95,1,35799.5,4
732,426,2023-12-15,54,46,1,27357.13,3
733,384,2023-07-23,361,50,3,6943.21,4
734,175,2023-08-07,41,79,2,39413.9,4
735,437,2023-05-02,90,43,2,39151.37,3
736,36,2023-09-20,161,74,3,11795.65,4
737,338,2023-01-10,108,2,3,34817.38,1
738,290,2023-05-25,379,62,1,37004.3,1
739,369,2023-06-01,393,93,2,43162.68,2
740,122,2023-01-10,339,65,3,1509.68,2
741,490,2023-03-09,275,93,3,14644.08,2
742,261,2023-06-20,137,78,3,46940.89,3
743,90,2023-02-26,359,30,1,49613.91,2
744,115,2023-07-01,424,70,2,4820.95,1
745,51,2023-02-01,329,19,1,14031.8,1
746,143,2023-06-02,32,89,3,35810.01,2
747,36,2023-07-12,71,17,1,14381.84,2
748,481,2023-06-12,480,9,3,47113.75,4
749,459,2023-02-16,148,43,2,23144.07,4
750,133,2023-03-10,8,96,1,39997.35,1
751,265,2023-08-07,225,97,3,10391.92,2
752,291,2023-07-24,394,1,3,8047.5,2
753,49,2023-12-09,98,80,2,49157.07,2
754,293,2023-03-24,129,11,3,43714.37,4
755,426,2023-07-02,493,16,1,43217.87,1
756,447,2023-07-24,394,74,2,31378.61,3
757,412,2023-08-15,148,37,1,28709.08,2
758,368,2023-07-28,442,51,2,2007.98,3
759,211,2023-10-08,383,32,1,45889.17,2
760,81,2023-12-31,363,2,2,40947.88,2
761,38,2023-05-12,56,82,2,30879.68,3
762,390,2023-12-04,199,68,1,21520.76,4
763,454,2023-09-26,360,76,2,14032.18,2
764,133,2023-08-10,40,13,3,23872.94,1
765,300,2023-11-05,174,50,1,45766.08,3
766,107,2023-02-20,138,54,2,34677.66,2
767,411,2023-11-05,373,50,1,14172.25,4
768,118,2023-10-07,109,90,1,28507.71,1
769,227,2023-07-03,439,2,3,40281.56,4
770,142,2023-09-08,324,9,3,45978.23,3
771,78,2023-03-12,38,69,1,47513.5,3
772,202,2023-07-21,35,18,1,37542.36,1
773,327,2023-03-10,292,1,1,40737.38,4
774,444,2023-09-10,329,99,2,36618.95,3
775,150,2023-04-05,365,82,1,25274.99,3
776,50,2023-11-28,171,29,2,2769.11,2
777,409,2023-04-08,89,16,3,34356.43,3
778,92,2023-01-01,250,6,2,14333.83,2
779,113,2023-03-31,224,58,3,10301.05,4
780,154,2023-06-20,82,25,1,10917.85,2
781,393,2023-06-17,346,64,2,24753.24,4
782,256,2023-07-14,419,13,1,43006.39,3
783,108,2023-12-23,358,93,3,44858.91,2
784,485,2023-09-30,181,17,1,25988.89,2
785,4,2023-08-25,462,26,1,43873.97,3
786,18,2023-05-28,68,1,2,4250.52,3
787,99,2023-03-06,48,13,3,41634.32,3
788,463,2023-03-12,189,83,3,47925.96,2
789,430,2023-08-03,39,74,2,3616.95,4
790,361,2023-07-20,205,13,2,47046.04,3
791,385,2023-05-17,56,64,2,31071.75,2
792,355,2023-08-12,160,59,2,24662.99,2
793,38,2023-05-19,76,43,1,44662.07,4
794,77,2023-12-26,163,67,1,38099.74,4
795,333,2023-08-14,154,13,1,33042.57,4
796,25,2023-09-10,85,56,1,41892.52,4
797,57,2023-03-12,148,24,3,37026.43,2
798,5,2023-09-18,368,18,3,34347.2,2
799,88,2023-06-24,396,11,1,17773.48,1
800,241,2023-06-08,244,47,1,36189.19,2
801,99,2023-07-08,353,91,2,30909.68,1
802,120,2023-01-29,113,12,2,41378.3,4
803,132,2023-09-11,39,41,3,3839.0,1
804,326,2023-01-21,56,66,2,42199.28,4
805,177,2023-07-14,122,54,2,44674.32,2
806,190,2023-03-03,499,87,1,28939.28,3
807,462,2023-05-04,444,68,2,27404.32,1
808,43,2023-09-17,299,56,1,31583.01,2
809,294,2023-05-23,439,39,1,24410.19,4
810,8,2023-11-12,60,37,2,38339.33,4
811,168,2023-02-13,61,12,1,47931.46,3
812,83,2023-08-07,276,96,1,46617.64,2
813,158,2023-03-28,459,61,3,40529.8,3
814,219,2023-04-07,23,22,3,10327.88,2
815,162,2023-03-15,343,10,2,18636.05,1
816,109,2023-10-26,252,84,3,19060.11,2
817,16,2023-01-26,468,4,3,23788.38,2
818,13,2023-08-15,46,3,1,40388.01,2
819,130,2023-04-25,324,59,3,47064.46,1
820,423,2023-12-08,14,74,3,22036.86,1
821,330,2023-04-06,183,45,3,10528.75,1
822,213,2023-07-27,263,54,1,48292.79,3
823,3,2023-06-07,277,6,2,9025.13,1
824,193,2023-01-30,60,42,1,43372.65,3
825,134,2023-09-08,372,89,2,48949.58,4
826,283,2023-03-02,156,88,3,49475.91,1
827,284,2023-07-19,113,68,1,14116.72,2
828,340,2023-04-04,185,19,2,19476.69,3
829,321,2023-04-29,460,18,2,45293.12,1
830,283,2023-02-02,155,45,1,9440.63,2
831,44,2023-10-21,256,39,3,12127.03,2
832,2,2023-03-09,356,29,2,4129.57,2
833,426,2023-11-09,220,15,2,29058.16,1
834,192,2023-04-13,107,29,1,47774.99,4
835,16,2023-04-23,180,56,3,40496.88,3
836,179,2023-12-28,494,1,2,19409.74,1
837,261,2023-04-20,247,65,1,11395.91,1
838,469,2023-05-28,193,61,2,16418.83,1
839,115,2023-12-08,81,8,3,13565.75,3
840,185,2023-08-10,1,79,3,49363.96,2
841,487,2023-05-31,325,23,1,29052.96,2
842,463,2023-03-23,3,60,2,21200.26,4
843,347,2023-03-31,102,47,2,41742.04,4
844,33,2023-01-07,208,63,2,21312.9,4
845,219,2023-10-06,472,64,1,28845.73,3
846,372,2023-09-24,194,10,1,16094.64,4
847,433,2023-04-26,261,28,2,32610.0,4
848,215,2023-05-28,382,5,2,40033.85,1
849,87,2023-01-19,57,3,1,24567.97,2
850,208,2023-05-24,395,51,3,18618.79,1
851,24,2023-04-14,51,28,2,45362.81,1
852,110,2023-08-19,469,5,1,36340.0,3
853,306,2023-12-21,249,88,2,31237.33,3
854,304,2023-03-23,344,6,2,49723.96,4
855,17,2023-06-27,106,68,3,25122.98,3
856,489,2023-05-17,19,78,2,43121.01,3
857,323,2023-06-17,430,48,3,43306.45,3
858,12,2023-06-05,240,56,2,12446.4,2
859,87,2023-10-31,88,16,1,19296.09,4
860,337,2023-05-16,117,18,2,1366.33,1
861,28,2023-09-19,445,93,3,49288.91,3
862,468,2023-05-13,37,58,1,7301.66,2
863,44,2023-11-22,460,33,2,25744.53,2
864,319,2023-11-02,98,40,3,35491.21,4
865,319,2023-05-14,487,66,3,8956.6,3
866,139,2023-10-10,331,70,1,35848.28,2
867,351,2023-10-19,236,41,2,22092.09,2
868,363,2023-05-09,293,56,3,22669.0,3
869,293,2023-09-29,495,88,1,40155.84,4
870,385,2023-06-13,330,11,2,49878.58,4
871,236,2023-03-26,188,93,3,16536.73,1
872,31,2023-05-10,311,23,3,11614.58,3
873,396,2023-12-19,416,55,1,7324.81,2
874,287,2023-07-31,116,20,3,4351.14,3
875,133,2023-05-25,155,89,2,19122.62,2
876,276,2023-01-05,188,78,3,14856.23,2
877,259,2023-10-09,52,76,2,11203.3,4
878,429,2023-06-09,321,44,2,12545.83,2
879,427,2023-06-06,128,38,2,33379.92,4
880,93,2023-03-21,481,30,1,1866.9,4
881,352,2023-07-08,332,95,1,44381.53,4
882,468,2023-07-18,20,19,3,24684.12,4
883,180,2023-04-27,47,62,2,18515.22,2
884,188,2023-06-03,101,12,3,37013.48,2
885,455,2023-08-09,212,41,3,27711.86,1
886,298,2023-08-15,351,95,1,26260.57,4
887,313,2023-04-30,264,98,1,19932.66,1
888,269,2023-10-22,240,81,3,20010.05,2
889,228,2023-10-15,321,52,2,11538.56,4
890,310,2023-11-12,483,63,3,25493.81,3
891,390,2023-01-29,325,31,2,30885.86,1
892,412,2023-08-24,169,16,1,47630.28,1
893,451,2023-05-04,86,65,3,28096.15,3
894,163,2023-06-12,272,11,3,36168.06,3
895,165,2023-01-13,488,80,2,4228.27,3
896,52,2023-07-30,353,29,3,33231.32,3
897,210,2023-05-03,399,63,3,25475.47,1
898,410,2023-02-10,2,86,1,42953.07,3
899,345,2023-08-06,42,48,2,16084.97,4
900,376,2023-10-06,232,29,2,39021.95,1
901,69,2023-01-23,45,93,3,21570.79,3
902,214,2023-03-20,129,45,1,33424.65,3
903,448,2023-01-18,303,36,3,20023.79,3
904,150,2023-12-29,397,59,1,18071.26,1
905,322,2023-07-23,258,97,3,38211.09,3
906,287,2023-08-01,488,56,2,19057.58,1
907,37,2023-07-01,118,15,3,16044.01,1
908,239,2023-12-15,114,92,1,43943.31,4
909,261,2023-08-17,400,28,3,23490.37,1
910,129,2023-05-20,311,21,1,44433.85,3
911,277,2023-06-29,328,92,2,32977.97,1
912,250,2023-05-07,307,69,3,46275.91,4
913,247,2023-05-17,159,86,2,25847.17,4
914,202,2023-08-15,472,45,2,3556.93,3
915,65,2023-12-28,403,14,2,6328.64,2
916,217,2023-06-09,253,63,3,9748.49,4
917,266,2023-03-08,292,60,2,14648.62,4
918,244,2023-12-02,250,92,1,35984.61,3
919,192,2023-03-22,163,82,2,31402.0,2
920,16,2023-04-02,456,36,3,22920.75,4
921,230,2023-11-06,125,12,3,9516.2,3
922,81,2023-05-05,112,12,2,40733.7,1
923,395,2023-05-24,91,42,3,28289.77,3
924,239,2023-05-26,210,60,1,19088.22,3
925,96,2023-07-24,21,7,2,43218.46,4
926,267,2023-08-18,296,20,3,6821.72,4
927,349,2023-04-15,299,74,2,24037.69,4
928,219,2023-07-11,147,35,3,27907.04,4
929,399,2023-12-28,148,49,1,40317.69,3
930,477,2023-05-25,60,80,3,21428.42,4
931,260,2023-06-28,478,6,1,23178.49,3
932,263,2023-09-19,434,72,3,2423.13,3
933,381,2023-02-08,94,36,3,30289.46,2
934,38,2023-09-27,113,47,3,25250.68,1
935,315,2023-01-30,51,8,1,4907.64,3
936,358,2023-01-03,474,94,2,38988.34,2
937,41,2023-08-31,21,7,2,3949.72,1
938,309,2023-03-03,133,84,3,24849.01,3
939,91,2023-05-15,433,59,1,16758.77,1
940,14,2023-03-31,68,47,2,16503.88,3
941,455,2023-09-17,289,16,1,29035.01,1
942,96,2023-10-23,392,39,1,40066.53,4
943,103,2023-05-22,488,70,2,45449.46,4
944,68,2023-12-16,490,73,1,23635.61,2
945,397,2023-10-19,101,21,3,30798.79,3
946,99,2023-12-17,96,46,3,7592.17,2
947,265,2023-09-16,443,93,3,36188.58,2
948,462,2023-08-01,40,5,2,17758.01,4
949,390,2023-05-30,276,62,3,47389.46,1
950,495,2023-10-08,450,4,1,35978.05,2
951,127,2023-05-30,480,62,3,19692.67,3
952,83,2023-06-01,43,68,1,24998.39,2
953,154,2023-03-28,353,50,2,23152.77,3
954,426,2023-08-08,103,66,2,18782.65,1
955,474,2023-01-18,263,55,3,43505.03,4
956,67,2023-02-10,382,20,1,41939.4,2
957,356,2023-08-31,211,95,2,39469.18,1
958,240,2023-02-22,193,96,1,13770.82,4
959,53,2023-07-01,368,86,1,10600.88,4
960,441,2023-07-27,314,3,2,24657.81,4
961,354,2023-08-12,384,25,1,30848.62,3
962,264,2023-09-13,104,18,1,26752.9,1
963,409,2023-08-23,295,95,2,17591.43,3
964,382,2023-11-27,248,96,1,38613.13,3
965,315,2023-12-02,363,35,2,27593.26,3
966,15,2023-04-03,31,51,2,34991.04,3
967,203,2023-10-20,426,12,2,9104.67,2
968,36,2023-01-21,72,93,2,27504.18,4
969,389,2023-12-14,29,29,2,47976.67,1
970,263,2023-11-17,371,31,3,38402.29,3
971,56,2023-12-31,403,87,2,41985.35,2
972,336,2023-06-06,241,56,3,47443.2,1
973,240,2023-07-14,442,86,1,23710.79,3
974,429,2023-03-05,58,53,1,11590.0,3
975,290,2023-11-11,104,62,3,25874.91,2
976,302,2023-01-10,466,14,3,2869.78,3
977,498,2023-03-28,295,77,1,17168.96,1
978,104,2023-08-02,143,34,3,47729.75,3
979,363,2023-06-03,288,50,3,4082.02,1
980,114,2023-07-06,86,41,3,2675.71,3
981,31,2023-10-27,358,35,3,32024.65,3
982,345,2023-04-21,76,86,3,46850.4,3
983,127,2023-01-04,109,87,2,34214.22,4
984,258,2023-05-22,203,62,1,40046.49,4
985,299,2023-07-25,20,22,2,27842.57,2
986,416,2023-11-21,14,95,1,32857.08,4
987,126,2023-06-10,477,61,3,15835.64,4
988,481,2023-12-15,69,44,1,41429.96,4
989,81,2023-05-12,414,99,1,45740.15,4
990,142,2023-11-02,325,47,2,31525.5,1
991,76,2023-06-14,53,40,3,36983.48,3
992,295,2023-07-12,442,86,3,5180.17,4
993,297,2023-11-21,171,1,1,3101.46,1
994,338,2023-01-18,394,56,1,33045.84,4
995,320,2023-05-07,456,47,3,34027.53,1
996,46,2023-09-19,434,5,2,37779.37,4
997,255,2023-03-01,364,47,3,21000.28,3
998,421,2023-03-23,31,46,2,46937.63,4
999,72,2023-09-29,385,48,1,6332.31,4
1000,243,2023-03-27,247,45,3,46757.17,1
